"","X.5","Hour","Chamber","MO2.no.Background.Correction","NA.","Cycle","MO2","Treatment","Genotype","Time.of.Day","Day.of.Exp","X","X.1","X.2","X.3","X.4","Trial"
"1",1,1,1,-0.0111685653687575,1,11,0.003399095,"High Temp High NTU",50,"day",1,NA,NA,NA,NA,"",8
"2",2,11,1,-0.0119920342297278,1,21,0.011186048,"High Temp High NTU",50,"day",1,NA,NA,NA,NA,"",8
"3",3,12,1,-0.0115643787368677,1,22,0.01028812,"High Temp High NTU",50,"day",1,NA,NA,NA,NA,"",8
"4",4,13,1,-0.0369947435888037,1,23,0.011496981,"High Temp High NTU",50,"night",1,NA,NA,NA,NA,"",8
"5",5,14,1,-0.0305740287464372,1,24,-0.013560714,"High Temp High NTU",50,"night",1,NA,NA,NA,NA,"",8
"6",6,15,1,-0.0406601342452551,1,25,-0.006851625,"High Temp High NTU",50,"night",1,NA,NA,NA,NA,"",8
"7",7,16,1,-0.037991542802249,1,26,-0.018679211,"High Temp High NTU",50,"night",1,NA,NA,NA,NA,"",8
"8",8,17,1,-0.0415956388496759,1,27,-0.015972058,"High Temp High NTU",50,"night",1,NA,NA,NA,NA,"",8
"9",9,18,1,-0.0356232183139555,1,28,-0.019585882,"High Temp High NTU",50,"night",1,NA,NA,NA,NA,"",8
"10",10,19,1,-0.031375184215903,1,29,-0.013661179,"High Temp High NTU",50,"night",1,NA,NA,NA,NA,"",8
"11",11,2,1,-0.0212390519790312,1,12,0.011426717,"High Temp High NTU",50,"day",1,NA,NA,NA,NA,"cycles 11 - 83",8
"12",12,20,1,-0.039532552880831,1,30,-0.00969783,"High Temp High NTU",50,"night",1,NA,NA,NA,NA,"",8
"13",13,21,1,-0.037842209700787,1,31,-0.017321295,"High Temp High NTU",50,"night",1,NA,NA,NA,NA,"",8
"14",14,22,1,-0.0314213949324142,1,32,-0.015752184,"High Temp High NTU",50,"night",1,NA,NA,NA,NA,"",8
"15",15,23,1,-0.0351872547939685,1,33,-0.009717836,"High Temp High NTU",50,"night",1,NA,NA,NA,NA,"",8
"16",16,24,1,-0.0346528556852753,1,34,-0.01319129,"High Temp High NTU",50,"night",1,NA,NA,NA,NA,"",8
"17",17,25,1,-0.0100123814464328,1,35,-0.012649711,"High Temp High NTU",50,"day",2,NA,NA,NA,NA,"",8
"18",18,26,1,-0.00560039701424862,1,36,0.013001697,"High Temp High NTU",50,"day",2,NA,NA,NA,NA,"",8
"19",19,27,1,-0.0033551903300463,1,37,0.017281034,"High Temp High NTU",50,"day",2,NA,NA,NA,NA,"",8
"20",20,28,1,-0.00684326612815813,1,38,0.019849817,"High Temp High NTU",50,"day",2,NA,NA,NA,NA,"",8
"21",21,29,1,-0.0107172679349802,1,39,0.016694617,"High Temp High NTU",50,"day",2,NA,NA,NA,NA,"",8
"22",22,3,1,-0.0206819385848358,1,13,0.001222386,"High Temp High NTU",50,"day",1,NA,NA,NA,NA,"",8
"23",23,30,1,-0.0164319218646999,1,40,0.012507561,"High Temp High NTU",50,"day",2,NA,NA,NA,NA,"",8
"24",24,31,1,-0.0169382699283496,1,41,0.006082435,"High Temp High NTU",50,"day",2,NA,NA,NA,NA,"",8
"25",25,32,1,-0.0173381263014009,1,42,0.005117241,"High Temp High NTU",50,"day",2,NA,NA,NA,NA,"",8
"26",26,33,1,-0.0178599904716535,1,43,0.004661503,"High Temp High NTU",50,"day",2,NA,NA,NA,NA,"",8
"27",27,34,1,-0.0166825260068595,1,44,0.004344849,"High Temp High NTU",50,"day",2,NA,NA,NA,NA,"",8
"28",28,35,1,-0.013333545210211,1,45,0.005857321,"High Temp High NTU",50,"day",2,NA,NA,NA,NA,"",8
"29",29,36,1,-0.0130123251777549,1,46,0.009361045,"High Temp High NTU",50,"day",2,NA,NA,NA,NA,"",8
"30",30,37,1,-0.0159538378195423,1,47,0.010085866,"High Temp High NTU",50,"night",2,NA,NA,NA,NA,"",8
"31",31,38,1,-0.0389951458057823,1,48,0.006586037,"High Temp High NTU",50,"night",2,NA,NA,NA,NA,"",8
"32",32,39,1,-0.0339935612700337,1,49,-0.015495967,"High Temp High NTU",50,"night",2,NA,NA,NA,NA,"",8
"33",33,4,1,-0.0222793101359038,1,14,0.001699407,"High Temp High NTU",50,"day",1,NA,NA,NA,NA,"",8
"34",34,40,1,-0.0232847562014775,1,50,-0.010186881,"High Temp High NTU",50,"night",2,NA,NA,NA,NA,"",8
"35",35,41,1,-0.0393579625531252,1,51,0.00065905,"High Temp High NTU",50,"night",2,NA,NA,NA,NA,"",8
"36",36,42,1,-0.030249252503228,1,52,-0.01595562,"High Temp High NTU",50,"night",2,NA,NA,NA,NA,"",8
"37",37,43,1,-0.0396409943185236,1,53,-0.006155062,"High Temp High NTU",50,"night",2,NA,NA,NA,NA,"",8
"38",38,44,1,-0.0386685003211246,1,54,-0.016086576,"High Temp High NTU",50,"night",2,NA,NA,NA,NA,"",8
"39",39,45,1,-0.0384911796557165,1,55,-0.01509766,"High Temp High NTU",50,"night",2,NA,NA,NA,NA,"",8
"40",40,46,1,-0.0356883374329969,1,56,-0.015099104,"High Temp High NTU",50,"night",2,NA,NA,NA,NA,"",8
"41",41,47,1,-0.0104069299683556,1,57,-0.011891468,"High Temp High NTU",50,"night",2,NA,NA,NA,NA,"",8
"42",42,48,1,-0.0322630194030773,1,58,0.011541782,"High Temp High NTU",50,"night",2,NA,NA,NA,NA,"",8
"43",43,49,1,-0.0222739302517381,1,59,-0.008422521,"High Temp High NTU",50,"day",3,NA,NA,NA,NA,"",8
"44",44,5,1,-0.0173314368597928,1,15,6.29668e-05,"High Temp High NTU",50,"day",1,NA,NA,NA,NA,"",8
"45",45,50,1,-0.0124883191670208,1,60,4.37961e-05,"High Temp High NTU",50,"day",3,NA,NA,NA,NA,"",8
"46",46,51,1,-0.0164457623464074,1,61,0.010485609,"High Temp High NTU",50,"day",3,NA,NA,NA,NA,"",8
"47",47,52,1,-0.0151595968393936,1,62,0.006000459,"High Temp High NTU",50,"day",3,NA,NA,NA,NA,"",8
"48",48,53,1,-0.0144899065813214,1,63,0.007114371,"High Temp High NTU",50,"day",3,NA,NA,NA,NA,"",8
"49",49,54,1,-0.0167878676281413,1,64,0.007655792,"High Temp High NTU",50,"day",3,NA,NA,NA,NA,"",8
"50",50,55,1,-0.0145553013933265,1,65,0.006085779,"High Temp High NTU",50,"day",3,NA,NA,NA,NA,"",8
"51",51,56,1,-0.0142394226423092,1,66,0.007819594,"High Temp High NTU",50,"day",3,NA,NA,NA,NA,"",8
"52",52,57,1,-0.0241751241432237,1,67,0.008443297,"High Temp High NTU",50,"day",3,NA,NA,NA,NA,"",8
"53",53,58,1,-0.0139475074422673,1,68,-0.001858343,"High Temp High NTU",50,"day",3,NA,NA,NA,NA,"",8
"54",54,59,1,-0.0155079551758073,1,69,0.008014181,"High Temp High NTU",50,"day",3,NA,NA,NA,NA,"",8
"55",55,6,1,-0.0323599421234738,1,16,0.005206232,"High Temp High NTU",50,"day",1,NA,NA,NA,NA,"",8
"56",56,60,1,-0.0158467090966874,1,70,0.006880735,"High Temp High NTU",50,"day",3,NA,NA,NA,NA,"",8
"57",57,61,1,-0.0308997651392597,1,71,0.006856958,"High Temp High NTU",50,"night",3,NA,NA,NA,NA,"",8
"58",58,62,1,-0.0230091923263444,1,72,-0.009902969,"High Temp High NTU",50,"night",3,NA,NA,NA,NA,"",8
"59",59,63,1,-0.0272864621907734,1,73,-0.002031801,"High Temp High NTU",50,"night",3,NA,NA,NA,NA,"",8
"60",60,64,1,-0.0464637311738847,1,74,-0.006270056,"High Temp High NTU",50,"night",3,NA,NA,NA,NA,"",8
"61",61,65,1,-0.0393113906083852,1,75,-0.024246625,"High Temp High NTU",50,"night",3,NA,NA,NA,NA,"",8
"62",62,66,1,-0.0390385081709941,1,76,-0.017710226,"High Temp High NTU",50,"night",3,NA,NA,NA,NA,"",8
"63",63,67,1,-0.0408336028091369,1,77,-0.017423578,"High Temp High NTU",50,"night",3,NA,NA,NA,NA,"",8
"64",64,68,1,-0.0413987464590093,1,78,-0.019149056,"High Temp High NTU",50,"night",3,NA,NA,NA,NA,"",8
"65",65,69,1,-0.0405646739383099,1,79,-0.01953089,"High Temp High NTU",50,"night",3,NA,NA,NA,NA,"",8
"66",66,7,1,-0.0250560999765003,1,17,-0.010171611,"High Temp High NTU",50,"day",1,NA,NA,NA,NA,"",8
"67",67,70,1,-0.0403672491219543,1,80,-0.018757073,"High Temp High NTU",50,"night",3,NA,NA,NA,NA,"",8
"68",68,71,1,-0.0361630065727382,1,81,-0.018746647,"High Temp High NTU",50,"night",3,NA,NA,NA,NA,"",8
"69",69,72,1,-0.0363945924699192,1,82,-0.014337866,"High Temp High NTU",50,"night",3,NA,NA,NA,NA,"",8
"70",70,8,1,-0.00961462496334565,1,18,-0.003286533,"High Temp High NTU",50,"day",1,NA,NA,NA,NA,"",8
"71",71,9,1,-0.006010385405165,1,19,0.013352257,"High Temp High NTU",50,"day",1,NA,NA,NA,NA,"",8
"72",1,1,2,-0.00755336593949467,2,11,-0.014404249,"High Temp  ",50,"day",1,NA,NA,NA,NA,NA,8
"73",2,10,2,-0.0056035353696606,2,20,0.005708806,"High Temp  ",50,"day",1,NA,NA,NA,NA,NA,8
"74",3,11,2,-0.00520993967505077,2,21,0.006714824,"High Temp  ",50,"day",1,NA,NA,NA,NA,NA,8
"75",4,12,2,-0.00588036618320874,2,22,0.006515568,"High Temp  ",50,"day",1,NA,NA,NA,NA,NA,8
"76",5,13,2,-0.0175058979274703,2,23,0.006783693,"High Temp  ",50,"night",1,NA,NA,NA,NA,NA,8
"77",6,14,2,-0.0117632602742378,2,24,-0.006145725,"High Temp  ",50,"night",1,NA,NA,NA,NA,NA,8
"78",7,15,2,-0.0134777474510628,2,25,-0.000330143,"High Temp  ",50,"night",1,NA,NA,NA,NA,NA,8
"79",8,16,2,-0.0133100740163691,2,26,-0.002244905,"High Temp  ",50,"night",1,NA,NA,NA,NA,NA,8
"80",9,17,2,-0.0138715105409609,2,27,-0.002041146,"High Temp  ",50,"night",1,NA,NA,NA,NA,NA,8
"81",10,18,2,-0.0129339429695668,2,28,-0.002576277,"High Temp  ",50,"night",1,NA,NA,NA,NA,NA,8
"82",11,19,2,-0.0135097000519126,2,29,-0.001729364,"High Temp  ",50,"night",1,NA,NA,NA,NA,NA,8
"83",12,2,2,-0.0143536184856424,2,12,0.004075981,"High Temp  ",50,"day",1,NA,NA,NA,NA,NA,8
"84",13,20,2,-0.0138486504928337,2,30,-0.002325455,"High Temp  ",50,"night",1,NA,NA,NA,NA,NA,8
"85",14,21,2,-0.0130796870314533,2,31,-0.002657894,"High Temp  ",50,"night",1,NA,NA,NA,NA,NA,8
"86",15,22,2,-0.0128284383571074,2,32,-0.001818407,"High Temp  ",50,"night",1,NA,NA,NA,NA,NA,8
"87",16,23,2,-0.0130188766659416,2,33,-0.00160322,"High Temp  ",50,"night",1,NA,NA,NA,NA,NA,8
"88",17,24,2,-0.0124266900782767,2,34,-0.001760253,"High Temp  ",50,"night",1,NA,NA,NA,NA,NA,8
"89",18,25,2,-0.00557062135223433,2,35,-0.001207432,"High Temp  ",50,"day",2,NA,NA,NA,NA,NA,8
"90",19,26,2,-0.0102878313883784,2,36,0.005954083,"High Temp  ",50,"day",2,NA,NA,NA,NA,NA,8
"91",20,27,2,-0.00690974067378187,2,37,0.001699684,"High Temp  ",50,"day",2,NA,NA,NA,NA,NA,8
"92",21,28,2,-0.00718592418031212,2,38,0.005262311,"High Temp  ",50,"day",2,NA,NA,NA,NA,NA,8
"93",22,29,2,-0.00557217108624828,2,39,0.005009606,"High Temp  ",50,"day",2,NA,NA,NA,NA,NA,8
"94",23,3,2,-0.0146820832815755,2,13,-0.002183206,"High Temp  ",50,"day",1,NA,NA,NA,NA,NA,8
"95",24,30,2,-0.0060624785530963,2,40,0.006722903,"High Temp  ",50,"day",2,NA,NA,NA,NA,NA,8
"96",25,31,2,-0.00747648711616805,2,41,0.006056679,"High Temp  ",50,"day",2,NA,NA,NA,NA,NA,8
"97",26,32,2,-0.00730723419452616,2,42,0.004608508,"High Temp  ",50,"day",2,NA,NA,NA,NA,NA,8
"98",27,33,2,-0.0112554570938017,2,43,0.004464687,"High Temp  ",50,"day",2,NA,NA,NA,NA,NA,8
"99",28,34,2,-0.00718977959708353,2,44,0.000877098,"High Temp  ",50,"day",2,NA,NA,NA,NA,NA,8
"100",29,35,2,-0.00933193547852437,2,45,0.005052162,"High Temp  ",50,"day",2,NA,NA,NA,NA,NA,8
"101",30,36,2,-0.00784985684876562,2,46,0.003108567,"High Temp  ",50,"day",2,NA,NA,NA,NA,NA,8
"102",31,37,2,-0.0351453461997015,2,47,0.004812213,"High Temp  ",50,"night",2,NA,NA,NA,NA,NA,8
"103",32,38,2,-0.0259637730963382,2,48,-0.02382508,"High Temp  ",50,"night",2,NA,NA,NA,NA,NA,8
"104",33,39,2,-0.0256914867816458,2,49,-0.014908613,"High Temp  ",50,"night",2,NA,NA,NA,NA,NA,8
"105",34,4,2,-0.0167027395088813,2,14,-0.001726155,"High Temp  ",50,"day",1,NA,NA,NA,NA,NA,8
"106",35,40,2,-0.0262729014058044,2,50,-0.01449009,"High Temp  ",50,"night",2,NA,NA,NA,NA,NA,8
"107",36,41,2,-0.0244443181580819,2,51,-0.014957479,"High Temp  ",50,"night",2,NA,NA,NA,NA,NA,8
"108",37,42,2,-0.0230532233665812,2,52,-0.013064568,"High Temp  ",50,"night",2,NA,NA,NA,NA,NA,8
"109",38,43,2,-0.0225580057657863,2,53,-0.011646286,"High Temp  ",50,"night",2,NA,NA,NA,NA,NA,8
"110",39,44,2,-0.0228042995809025,2,54,-0.011442793,"High Temp  ",50,"night",2,NA,NA,NA,NA,NA,8
"111",40,45,2,-0.0223384303510342,2,55,-0.011307019,"High Temp  ",50,"night",2,NA,NA,NA,NA,NA,8
"112",41,46,2,-0.0229650573096729,2,56,-0.011247751,"High Temp  ",50,"night",2,NA,NA,NA,NA,NA,8
"113",42,47,2,-0.0242161138613945,2,57,-0.011873672,"High Temp  ",50,"night",2,NA,NA,NA,NA,NA,8
"114",43,48,2,-0.0252842033064834,2,58,-0.013151574,"High Temp  ",50,"night",2,NA,NA,NA,NA,NA,8
"115",44,49,2,-0.00318140850840561,2,59,-0.01432994,"High Temp  ",50,"day",3,NA,NA,NA,NA,NA,8
"116",45,5,2,-0.0122460992088304,2,15,-0.004251852,"High Temp  ",50,"day",1,NA,NA,NA,NA,NA,8
"117",46,50,2,-0.00689750569787784,2,60,0.008836969,"High Temp  ",50,"day",3,NA,NA,NA,NA,NA,8
"118",47,51,2,-0.00986887058724831,2,61,0.005427156,"High Temp  ",50,"day",3,NA,NA,NA,NA,NA,8
"119",48,52,2,-0.00787802066348543,2,62,0.002456321,"High Temp  ",50,"day",3,NA,NA,NA,NA,NA,8
"120",49,53,2,-0.0121543740401524,2,63,0.004411634,"High Temp  ",50,"day",3,NA,NA,NA,NA,NA,8
"121",50,54,2,-0.0141559796864793,2,64,-1.47e-05,"High Temp  ",50,"day",3,NA,NA,NA,NA,NA,8
"122",51,55,2,-0.0151600754233712,2,65,-0.001523601,"High Temp  ",50,"day",3,NA,NA,NA,NA,NA,8
"123",52,56,2,-0.0154697396986821,2,66,-0.002512078,"High Temp  ",50,"day",3,NA,NA,NA,NA,NA,8
"124",53,57,2,-0.00951460999742868,2,67,-0.002537076,"High Temp  ",50,"day",3,NA,NA,NA,NA,NA,8
"125",54,58,2,-0.00886764372945721,2,68,0.003203985,"High Temp  ",50,"day",3,NA,NA,NA,NA,NA,8
"126",55,59,2,-0.0092992512682181,2,69,0.003182136,"High Temp  ",50,"day",3,NA,NA,NA,NA,NA,8
"127",56,6,2,-0.00829394740288892,2,16,-0.000382795,"High Temp  ",50,"day",1,NA,NA,NA,NA,NA,8
"128",57,60,2,-0.00965990128957773,2,70,0.002854973,"High Temp  ",50,"day",3,NA,NA,NA,NA,NA,8
"129",58,61,2,-0.0262200063533457,2,71,0.002723757,"High Temp  ",50,"night",3,NA,NA,NA,NA,NA,8
"130",59,62,2,-0.0235544326359666,2,72,-0.015446957,"High Temp  ",50,"night",3,NA,NA,NA,NA,NA,8
"131",60,63,2,-0.0247733582019934,2,73,-0.012835669,"High Temp  ",50,"night",3,NA,NA,NA,NA,NA,8
"132",61,64,2,-0.0234429966720942,2,74,-0.013807929,"High Temp  ",50,"night",3,NA,NA,NA,NA,NA,8
"133",62,65,2,-0.0241034117678271,2,75,-0.01246493,"High Temp  ",50,"night",3,NA,NA,NA,NA,NA,8
"134",63,66,2,-0.0224708246829338,2,76,-0.01319133,"High Temp  ",50,"night",3,NA,NA,NA,NA,NA,8
"135",64,67,2,-0.0233833031405678,2,77,-0.011676556,"High Temp  ",50,"night",3,NA,NA,NA,NA,NA,8
"136",65,68,2,-0.0231273998505327,2,78,-0.012230037,"High Temp  ",50,"night",3,NA,NA,NA,NA,NA,8
"137",66,69,2,-0.0234522362193576,2,79,-0.012194381,"High Temp  ",50,"night",3,NA,NA,NA,NA,NA,8
"138",67,7,2,-0.00868756932492387,2,17,0.003695176,"High Temp  ",50,"day",1,NA,NA,NA,NA,NA,8
"139",68,70,2,-0.0231516656178518,2,80,-0.012550376,"High Temp  ",50,"night",3,NA,NA,NA,NA,NA,8
"140",69,71,2,-0.023466286448767,2,81,-0.012193916,"High Temp  ",50,"night",3,NA,NA,NA,NA,NA,8
"141",70,72,2,-0.021639429785791,2,82,-0.012513632,"High Temp  ",50,"night",3,NA,NA,NA,NA,NA,8
"142",71,8,2,-0.00696066759251231,2,18,0.003403313,"High Temp  ",50,"day",1,NA,NA,NA,NA,NA,8
"143",72,9,2,-0.00611106562556154,2,19,0.005207976,"High Temp  ",50,"day",1,NA,NA,NA,NA,NA,8
"144",1,1,3,-0.00405335706716518,3,11,-0.012703226,"High Temp High NTU",60,"day",1,NA,NA,NA,NA,NA,8
"145",2,10,3,-0.0109203848809664,3,20,0.003082793,"High Temp High NTU",60,"day",1,NA,NA,NA,NA,NA,8
"146",3,11,3,-0.00935571042205061,3,21,0.002417126,"High Temp High NTU",60,"day",1,NA,NA,NA,NA,NA,8
"147",4,12,3,-0.0117762675182303,3,22,0.003570008,"High Temp High NTU",60,"day",1,NA,NA,NA,NA,NA,8
"148",5,13,3,-0.0201551769405397,3,23,0.001862598,"High Temp High NTU",60,"night",1,NA,NA,NA,NA,NA,8
"149",6,14,3,-0.017178566569929,3,24,-0.00733832,"High Temp High NTU",60,"night",1,NA,NA,NA,NA,NA,8
"150",7,15,3,-0.0185950360918809,3,25,-0.004500921,"High Temp High NTU",60,"night",1,NA,NA,NA,NA,NA,8
"151",8,16,3,-0.0200595302734666,3,26,-0.006084158,"High Temp High NTU",60,"night",1,NA,NA,NA,NA,NA,8
"152",9,17,3,-0.017866322604522,3,27,-0.007465691,"High Temp High NTU",60,"night",1,NA,NA,NA,NA,NA,8
"153",10,18,3,-0.0197501690053521,3,28,-0.005219208,"High Temp High NTU",60,"night",1,NA,NA,NA,NA,NA,8
"154",11,19,3,-0.0207320999114023,3,29,-0.007134713,"High Temp High NTU",60,"night",1,NA,NA,NA,NA,NA,8
"155",12,2,3,-0.0137862676220502,3,12,0.00890748,"High Temp High NTU",60,"day",1,NA,NA,NA,NA,NA,8
"156",13,20,3,-0.0214337905005183,3,30,-0.008074046,"High Temp High NTU",60,"night",1,NA,NA,NA,NA,NA,8
"157",14,21,3,-0.0218079653582767,3,31,-0.008867385,"High Temp High NTU",60,"night",1,NA,NA,NA,NA,NA,8
"158",15,22,3,-0.0219334664338307,3,32,-0.009092084,"High Temp High NTU",60,"night",1,NA,NA,NA,NA,NA,8
"159",16,23,3,-0.0220733662345103,3,33,-0.009186303,"High Temp High NTU",60,"night",1,NA,NA,NA,NA,NA,8
"160",17,24,3,-0.0227197836078749,3,34,-0.009325321,"High Temp High NTU",60,"night",1,NA,NA,NA,NA,NA,8
"161",18,25,3,-0.0124259068501546,3,35,-0.01004754,"High Temp High NTU",60,"day",2,NA,NA,NA,NA,NA,8
"162",19,26,3,-0.0160563845670798,3,36,0.000484749,"High Temp High NTU",60,"day",2,NA,NA,NA,NA,NA,8
"163",20,27,3,-0.0138149308296987,3,37,-0.002858057,"High Temp High NTU",60,"day",2,NA,NA,NA,NA,NA,8
"164",21,28,3,-0.0153007004751493,3,38,-0.000262137,"High Temp High NTU",60,"day",2,NA,NA,NA,NA,NA,8
"165",22,29,3,-0.0145558926502068,3,39,-0.001934886,"High Temp High NTU",60,"day",2,NA,NA,NA,NA,NA,8
"166",23,3,3,-0.0141505629229343,3,13,-0.000247907,"High Temp High NTU",60,"day",1,NA,NA,NA,NA,NA,8
"167",24,30,3,-0.0202420638732807,3,40,-0.001253018,"High Temp High NTU",60,"day",2,NA,NA,NA,NA,NA,8
"168",25,31,3,-0.0237673864728781,3,41,-0.006925985,"High Temp High NTU",60,"day",2,NA,NA,NA,NA,NA,8
"169",26,32,3,-0.0285658689227649,3,42,-0.010092519,"High Temp High NTU",60,"day",2,NA,NA,NA,NA,NA,8
"170",27,33,3,-0.0265708919528857,3,43,-0.015146902,"High Temp High NTU",60,"day",2,NA,NA,NA,NA,NA,8
"171",28,34,3,-0.0267126539556942,3,44,-0.012756147,"High Temp High NTU",60,"day",2,NA,NA,NA,NA,NA,8
"172",29,35,3,-0.0251918914512304,3,45,-0.012477986,"High Temp High NTU",60,"day",2,NA,NA,NA,NA,NA,8
"173",30,36,3,-0.0235160731003258,3,46,-0.011212004,"High Temp High NTU",60,"day",2,NA,NA,NA,NA,NA,8
"174",31,37,3,-0.043741522542345,3,47,-0.009713142,"High Temp High NTU",60,"night",2,NA,NA,NA,NA,NA,8
"175",32,38,3,-0.0416750511260726,3,48,-0.030770895,"High Temp High NTU",60,"night",2,NA,NA,NA,NA,NA,8
"176",33,39,3,-0.0417968432525834,3,49,-0.029054864,"High Temp High NTU",60,"night",2,NA,NA,NA,NA,NA,8
"177",34,4,3,-0.013897358615467,3,14,-0.00130374,"High Temp High NTU",60,"day",1,NA,NA,NA,NA,NA,8
"178",35,40,3,-0.043287278558128,3,50,-0.029301669,"High Temp High NTU",60,"night",2,NA,NA,NA,NA,NA,8
"179",36,41,3,-0.0432454321734421,3,51,-0.030710076,"High Temp High NTU",60,"night",2,NA,NA,NA,NA,NA,8
"180",37,42,3,-0.043206841455411,3,52,-0.030608048,"High Temp High NTU",60,"night",2,NA,NA,NA,NA,NA,8
"181",38,43,3,-0.042496612843216,3,53,-0.030369344,"High Temp High NTU",60,"night",2,NA,NA,NA,NA,NA,8
"182",39,44,3,-0.0410712567543638,3,54,-0.02967052,"High Temp High NTU",60,"night",2,NA,NA,NA,NA,NA,8
"183",40,45,3,-0.0407364786751515,3,55,-0.028337196,"High Temp High NTU",60,"night",2,NA,NA,NA,NA,NA,8
"184",41,46,3,-0.040827614899667,3,56,-0.028026504,"High Temp High NTU",60,"night",2,NA,NA,NA,NA,NA,8
"185",42,47,3,-0.0417617687622117,3,57,-0.028247382,"High Temp High NTU",60,"night",2,NA,NA,NA,NA,NA,8
"186",43,48,3,-0.0423330588366563,3,58,-0.029218693,"High Temp High NTU",60,"night",2,NA,NA,NA,NA,NA,8
"187",44,49,3,-0.0206779429492784,3,59,-0.029808915,"High Temp High NTU",60,"day",3,NA,NA,NA,NA,NA,8
"188",45,5,3,-0.0068771910086444,3,15,-0.000929688,"High Temp High NTU",60,"day",1,NA,NA,NA,NA,NA,8
"189",46,50,3,-0.0189520513213177,3,60,-0.007824046,"High Temp High NTU",60,"day",3,NA,NA,NA,NA,NA,8
"190",47,51,3,-0.0195769887138686,3,61,-0.005519787,"High Temp High NTU",60,"day",3,NA,NA,NA,NA,NA,8
"191",48,52,3,-0.0198879262323977,3,62,-0.005977338,"High Temp High NTU",60,"day",3,NA,NA,NA,NA,NA,8
"192",49,53,3,-0.020162353165648,3,63,-0.006483135,"High Temp High NTU",60,"day",3,NA,NA,NA,NA,NA,8
"193",50,54,3,-0.0215211754178144,3,64,-0.007091285,"High Temp High NTU",60,"day",3,NA,NA,NA,NA,NA,8
"194",51,55,3,-0.0217347989812905,3,65,-0.008231316,"High Temp High NTU",60,"day",3,NA,NA,NA,NA,NA,8
"195",52,56,3,-0.0204044050991731,3,66,-0.008852533,"High Temp High NTU",60,"day",3,NA,NA,NA,NA,NA,8
"196",53,57,3,-0.0200978326655476,3,67,-0.007397499,"High Temp High NTU",60,"day",3,NA,NA,NA,NA,NA,8
"197",54,58,3,-0.0195928559565823,3,68,-0.007256994,"High Temp High NTU",60,"day",3,NA,NA,NA,NA,NA,8
"198",55,59,3,-0.0166529083491606,3,69,-0.006671103,"High Temp High NTU",60,"day",3,NA,NA,NA,NA,NA,8
"199",56,6,3,-0.00914189558895253,3,16,0.00660425,"High Temp High NTU",60,"day",1,NA,NA,NA,NA,NA,8
"200",57,60,3,-0.0199684391896705,3,70,-0.003693722,"High Temp High NTU",60,"day",3,NA,NA,NA,NA,NA,8
"201",58,61,3,-0.0354754170865624,3,71,-0.006190634,"High Temp High NTU",60,"night",3,NA,NA,NA,NA,NA,8
"202",59,62,3,-0.0305457312220956,3,72,-0.023208609,"High Temp High NTU",60,"night",3,NA,NA,NA,NA,NA,8
"203",60,63,3,-0.0303942648870419,3,73,-0.018319879,"High Temp High NTU",60,"night",3,NA,NA,NA,NA,NA,8
"204",61,64,3,-0.0303637104117826,3,74,-0.017880251,"High Temp High NTU",60,"night",3,NA,NA,NA,NA,NA,8
"205",62,65,3,-0.0293370287353887,3,75,-0.017700198,"High Temp High NTU",60,"night",3,NA,NA,NA,NA,NA,8
"206",63,66,3,-0.0299403524338118,3,76,-0.016953283,"High Temp High NTU",60,"night",3,NA,NA,NA,NA,NA,8
"207",64,67,3,-0.0299585133846156,3,77,-0.017507529,"High Temp High NTU",60,"night",3,NA,NA,NA,NA,NA,8
"208",65,68,3,-0.0307926080104732,3,78,-0.017543557,"High Temp High NTU",60,"night",3,NA,NA,NA,NA,NA,8
"209",66,69,3,-0.0318300063205432,3,79,-0.018522182,"High Temp High NTU",60,"night",3,NA,NA,NA,NA,NA,8
"210",67,7,3,-0.0104611029656019,3,17,0.004046633,"High Temp High NTU",60,"day",1,NA,NA,NA,NA,NA,8
"211",68,70,3,-0.0321677668629798,3,80,-0.019645791,"High Temp High NTU",60,"night",3,NA,NA,NA,NA,NA,8
"212",69,71,3,-0.0318328170978075,3,81,-0.019776918,"High Temp High NTU",60,"night",3,NA,NA,NA,NA,NA,8
"213",70,72,3,-0.0317698544137707,3,82,-0.019213704,"High Temp High NTU",60,"night",3,NA,NA,NA,NA,NA,8
"214",71,8,3,-0.0101013458570979,3,18,0.003016334,"High Temp High NTU",60,"day",1,NA,NA,NA,NA,NA,8
"215",72,9,3,-0.0102026452915793,3,19,0.00311819,"High Temp High NTU",60,"day",1,NA,NA,NA,NA,NA,8
"216",1,1,4,-0.015856121,4,11,-0.010682509,"High Temp",60,"day",1,NA,NA,NA,NA,NA,8
"217",2,10,4,-0.006667725,4,20,0.004093937,"High Temp",60,"day",1,NA,NA,NA,NA,NA,8
"218",3,11,4,-0.004202005,4,21,0.012262504,"High Temp",60,"day",1,NA,NA,NA,NA,NA,8
"219",4,12,4,-0.006822275,4,22,0.014585617,"High Temp",60,"day",1,NA,NA,NA,NA,NA,8
"220",5,13,4,-0.013135568,4,23,0.012828398,"High Temp",60,"night",1,NA,NA,NA,NA,NA,8
"221",6,14,4,-0.018859625,4,24,0.005658282,"High Temp",60,"night",1,NA,NA,NA,NA,NA,8
"222",7,15,4,-0.016443288,4,25,0.002374931,"High Temp",60,"night",1,NA,NA,NA,NA,NA,8
"223",8,16,4,-0.02402741,4,26,0.004349309,"High Temp",60,"night",1,NA,NA,NA,NA,NA,8
"224",9,17,4,-0.018936569,4,27,-0.006880464,"High Temp",60,"night",1,NA,NA,NA,NA,NA,8
"225",10,18,4,-0.020724371,4,28,-0.000713464,"High Temp",60,"night",1,NA,NA,NA,NA,NA,8
"226",11,19,4,-0.021835107,4,29,-0.002535205,"High Temp",60,"night",1,NA,NA,NA,NA,NA,8
"227",12,2,4,-0.005993521,4,12,0.002105898,"High Temp",60,"day",1,NA,NA,NA,NA,NA,8
"228",13,20,4,-0.021664797,4,30,-0.003788764,"High Temp",60,"night",1,NA,NA,NA,NA,NA,8
"229",14,21,4,-0.021420342,4,31,-0.00388831,"High Temp",60,"night",1,NA,NA,NA,NA,NA,8
"230",15,22,4,-0.022334475,4,32,-0.003507514,"High Temp",60,"night",1,NA,NA,NA,NA,NA,8
"231",16,23,4,-0.021418191,4,33,-0.004287834,"High Temp",60,"night",1,NA,NA,NA,NA,NA,8
"232",17,24,4,-0.020187302,4,34,-0.003463544,"High Temp",60,"night",1,NA,NA,NA,NA,NA,8
"233",18,25,4,-0.009575029,4,35,-0.002338314,"High Temp",60,"day",2,NA,NA,NA,NA,NA,8
"234",19,26,4,-0.01052909,4,36,0.008915493,"High Temp",60,"day",2,NA,NA,NA,NA,NA,8
"235",20,27,4,-0.012601573,4,37,0.008536113,"High Temp",60,"day",2,NA,NA,NA,NA,NA,8
"236",21,28,4,-0.003040352,4,38,0.007139808,"High Temp",60,"day",2,NA,NA,NA,NA,NA,8
"237",22,29,4,-0.004014375,4,39,0.016595302,"High Temp",60,"day",2,NA,NA,NA,NA,NA,8
"238",23,3,4,-0.003837574,4,13,0.013504577,"High Temp",60,"day",1,NA,NA,NA,NA,NA,8
"239",24,30,4,-0.002483125,4,40,0.015538491,"High Temp",60,"day",2,NA,NA,NA,NA,NA,8
"240",25,31,4,-0.017460055,4,41,0.015554604,"High Temp",60,"day",2,NA,NA,NA,NA,NA,8
"241",26,32,4,-0.025338797,4,42,0.004296779,"High Temp",60,"day",2,NA,NA,NA,NA,NA,8
"242",27,33,4,-0.009288934,4,43,-0.007316108,"High Temp",60,"day",2,NA,NA,NA,NA,NA,8
"243",28,34,4,-0.028911198,4,44,0.006813168,"High Temp",60,"day",2,NA,NA,NA,NA,NA,8
"244",29,35,4,-0.026659839,4,45,-0.009189506,"High Temp",60,"day",2,NA,NA,NA,NA,NA,8
"245",30,36,4,-0.025725686,4,46,-0.008008283,"High Temp",60,"day",2,NA,NA,NA,NA,NA,8
"246",31,37,4,-0.011418538,4,47,-0.006660021,"High Temp",60,"night",2,NA,NA,NA,NA,NA,8
"247",32,38,4,-0.0089453,4,48,0.006360613,"High Temp",60,"night",2,NA,NA,NA,NA,NA,8
"248",33,39,4,-0.008869963,4,49,0.009371252,"High Temp",60,"night",2,NA,NA,NA,NA,NA,8
"249",34,4,4,-0.006304343,4,14,0.015392154,"High Temp",60,"day",1,NA,NA,NA,NA,NA,8
"250",35,40,4,-0.009581604,4,50,0.009500153,"High Temp",60,"night",2,NA,NA,NA,NA,NA,8
"251",36,41,4,-0.010746094,4,51,0.008988392,"High Temp",60,"night",2,NA,NA,NA,NA,NA,8
"252",37,42,4,-0.009149126,4,52,0.008032183,"High Temp",60,"night",2,NA,NA,NA,NA,NA,8
"253",38,43,4,-0.008109191,4,53,0.00978338,"High Temp",60,"night",2,NA,NA,NA,NA,NA,8
"254",39,44,4,-0.007166162,4,54,0.01081117,"High Temp",60,"night",2,NA,NA,NA,NA,NA,8
"255",40,45,4,-0.006833385,4,55,0.011688037,"High Temp",60,"night",2,NA,NA,NA,NA,NA,8
"256",41,46,4,-0.006912523,4,56,0.012044792,"High Temp",60,"night",2,NA,NA,NA,NA,NA,8
"257",42,47,4,-0.00700317,4,57,0.011719191,"High Temp",60,"night",2,NA,NA,NA,NA,NA,8
"258",43,48,4,-0.008347429,4,58,0.011465318,"High Temp",60,"night",2,NA,NA,NA,NA,NA,8
"259",44,49,4,-0.007656163,4,59,0.010206649,"High Temp",60,"day",3,NA,NA,NA,NA,NA,8
"260",45,5,4,-0.004945279,4,15,0.013155702,"High Temp",60,"day",1,NA,NA,NA,NA,NA,8
"261",46,50,4,-0.025846967,4,60,0.011467848,"High Temp",60,"day",3,NA,NA,NA,NA,NA,8
"262",47,51,4,-0.026726372,4,61,-0.007448295,"High Temp",60,"day",3,NA,NA,NA,NA,NA,8
"263",48,52,4,-0.024463402,4,62,-0.008368636,"High Temp",60,"day",3,NA,NA,NA,NA,NA,8
"264",49,53,4,-0.011475303,4,63,-0.006187774,"High Temp",60,"day",3,NA,NA,NA,NA,NA,8
"265",50,54,4,-0.019048283,4,64,0.006604981,"High Temp",60,"day",3,NA,NA,NA,NA,NA,8
"266",51,55,4,-0.032754641,4,65,0.000620128,"High Temp",60,"day",3,NA,NA,NA,NA,NA,8
"267",52,56,4,-0.026618838,4,66,-0.014367249,"High Temp",60,"day",3,NA,NA,NA,NA,NA,8
"268",53,57,4,-0.026356931,4,67,-0.009478061,"High Temp",60,"day",3,NA,NA,NA,NA,NA,8
"269",54,58,4,-0.016513503,4,68,-0.011111049,"High Temp",60,"day",3,NA,NA,NA,NA,NA,8
"270",55,59,4,-0.001482462,4,69,0.001946995,"High Temp",60,"day",3,NA,NA,NA,NA,NA,8
"271",56,6,4,-0.013922766,4,16,0.014295861,"High Temp",60,"day",1,NA,NA,NA,NA,NA,8
"272",57,60,4,-0.01496775,4,70,0.017738653,"High Temp",60,"day",3,NA,NA,NA,NA,NA,8
"273",58,61,4,-0.026737099,4,71,0.004838496,"High Temp",60,"night",3,NA,NA,NA,NA,NA,8
"274",59,62,4,-0.005264387,4,72,-0.00979434,"High Temp",60,"night",3,NA,NA,NA,NA,NA,8
"275",60,63,4,-0.008353475,4,73,0.013517507,"High Temp",60,"night",3,NA,NA,NA,NA,NA,8
"276",61,64,4,-0.019811527,4,74,0.010431403,"High Temp",60,"night",3,NA,NA,NA,NA,NA,8
"277",62,65,4,-0.006097979,4,75,-0.002092522,"High Temp",60,"night",3,NA,NA,NA,NA,NA,8
"278",63,66,4,-0.005926562,4,76,0.012649089,"High Temp",60,"night",3,NA,NA,NA,NA,NA,8
"279",64,67,4,-0.00587561,4,77,0.012864209,"High Temp",60,"night",3,NA,NA,NA,NA,NA,8
"280",65,68,4,-0.007277947,4,78,0.012854242,"High Temp",60,"night",3,NA,NA,NA,NA,NA,8
"281",66,69,4,-0.008429337,4,79,0.011176554,"High Temp",60,"night",3,NA,NA,NA,NA,NA,8
"282",67,7,4,-0.010663251,4,17,0.004157573,"High Temp",60,"day",1,NA,NA,NA,NA,NA,8
"283",68,70,4,-0.009280472,4,80,0.010000651,"High Temp",60,"night",3,NA,NA,NA,NA,NA,8
"284",69,71,4,-0.007726917,4,81,0.009335632,"High Temp",60,"night",3,NA,NA,NA,NA,NA,8
"285",70,72,4,-0.007226969,4,82,0.011506572,"High Temp",60,"night",3,NA,NA,NA,NA,NA,8
"286",71,8,4,-0.016302211,4,18,0.007922648,"High Temp",60,"day",1,NA,NA,NA,NA,NA,8
"287",72,9,4,-0.014376373,4,19,0.001873029,"High Temp",60,"day",1,NA,NA,NA,NA,NA,8
"288",1,1,5,0.0139733027958225,5,11,0.021645828,"High NTU",50,"day",1,NA,NA,NA,NA,NA,8
"289",2,11,5,-0.00259126884731558,5,21,0.032434546,"High NTU",50,"day",1,NA,NA,NA,NA,NA,8
"290",3,12,5,-0.00173558692636778,5,22,0.023832236,"High NTU",50,"day",1,NA,NA,NA,NA,NA,8
"291",4,13,5,-0.00384326330623136,5,23,0.024451338,"High NTU",50,"night",1,NA,NA,NA,NA,NA,8
"292",5,14,5,-0.0167292604877552,5,24,0.022006878,"High NTU",50,"night",1,NA,NA,NA,NA,NA,8
"293",6,15,5,-0.00678256525784668,5,25,0.008270087,"High NTU",50,"night",1,NA,NA,NA,NA,NA,8
"294",7,16,5,-0.0108782835876596,5,26,0.018834828,"High NTU",50,"night",1,NA,NA,NA,NA,NA,8
"295",8,17,5,-0.00833138677581071,5,27,0.015723311,"High NTU",50,"night",1,NA,NA,NA,NA,NA,8
"296",9,18,5,-0.00378841232825952,5,28,0.01727233,"High NTU",50,"night",1,NA,NA,NA,NA,NA,8
"297",10,19,5,-0.0165353119368919,5,29,0.02155164,"High NTU",50,"night",1,NA,NA,NA,NA,NA,8
"298",11,2,5,0.00390699563845618,5,12,0.042934814,"High NTU",50,"day",1,NA,NA,NA,NA,NA,8
"299",12,20,5,-0.00809025472637889,5,30,0.009051684,"High NTU",50,"night",1,NA,NA,NA,NA,NA,8
"300",13,21,5,-0.00333837860448451,5,31,0.017585431,"High NTU",50,"night",1,NA,NA,NA,NA,NA,8
"301",14,22,5,-0.0135979513304258,5,32,0.022911292,"High NTU",50,"night",1,NA,NA,NA,NA,NA,8
"302",15,23,5,-0.00866971515305262,5,33,0.01145202,"High NTU",50,"night",1,NA,NA,NA,NA,NA,8
"303",16,24,5,-0.00791616586828869,5,34,0.016964951,"High NTU",50,"night",1,NA,NA,NA,NA,NA,8
"304",17,25,5,-0.0032116269370845,5,35,0.018722467,"High NTU",50,"day",2,NA,NA,NA,NA,NA,8
"305",18,28,5,-0.00653122625961285,5,38,0.017657026,"High NTU",50,"day",2,NA,NA,NA,NA,NA,8
"306",19,29,5,-0.00601984708361377,5,39,0.019133567,"High NTU",50,"day",2,NA,NA,NA,NA,NA,8
"307",20,30,5,-0.00476075291018184,5,40,0.021991123,"High NTU",50,"day",2,NA,NA,NA,NA,NA,8
"308",21,31,5,-0.00330835181603461,5,41,0.021161787,"High NTU",50,"day",2,NA,NA,NA,NA,NA,8
"309",22,32,5,-0.0173776352901211,5,42,0.022478341,"High NTU",50,"day",2,NA,NA,NA,NA,NA,8
"310",23,33,5,-0.00484488592455579,5,43,0.009120065,"High NTU",50,"day",2,NA,NA,NA,NA,NA,8
"311",24,34,5,-0.00258433874549517,5,44,0.021350077,"High NTU",50,"day",2,NA,NA,NA,NA,NA,8
"312",25,35,5,-0.0206384583516757,5,45,0.022909826,"High NTU",50,"day",2,NA,NA,NA,NA,NA,8
"313",26,36,5,-0.00480261945392519,5,46,0.004208327,"High NTU",50,"day",2,NA,NA,NA,NA,NA,8
"314",27,37,5,-0.00613130099190345,5,47,0.021028742,"High NTU",50,"night",2,NA,NA,NA,NA,NA,8
"315",28,38,5,-0.0204011316984993,5,48,0.020064039,"High NTU",50,"night",2,NA,NA,NA,NA,NA,8
"316",29,39,5,-0.0140750382619281,5,49,0.003853336,"High NTU",50,"night",2,NA,NA,NA,NA,NA,8
"317",30,4,5,-0.0053968192135136,5,14,0.037166781,"High NTU",50,"day",1,NA,NA,NA,NA,NA,8
"318",31,40,5,-0.00613323342911223,5,50,0.01101278,"High NTU",50,"night",2,NA,NA,NA,NA,NA,8
"319",32,41,5,-0.0233049724839907,5,51,0.019789865,"High NTU",50,"night",2,NA,NA,NA,NA,NA,8
"320",33,42,5,-0.0145945158238629,5,52,0.000866407,"High NTU",50,"night",2,NA,NA,NA,NA,NA,8
"321",34,43,5,-0.00622940675666036,5,53,0.010606879,"High NTU",50,"night",2,NA,NA,NA,NA,NA,8
"322",35,44,5,-0.0247411356953472,5,54,0.019226151,"High NTU",50,"night",2,NA,NA,NA,NA,NA,8
"323",36,45,5,-0.014850250640766,5,55,-0.000133307,"High NTU",50,"night",2,NA,NA,NA,NA,NA,8
"324",37,46,5,-0.00706858879454836,5,56,0.010332266,"High NTU",50,"night",2,NA,NA,NA,NA,NA,8
"325",38,47,5,-0.0255142285874616,5,57,0.018214072,"High NTU",50,"night",2,NA,NA,NA,NA,NA,8
"326",39,48,5,-0.0154233984015268,5,58,-0.000879373,"High NTU",50,"night",2,NA,NA,NA,NA,NA,8
"327",40,49,5,-0.00180251479692824,5,59,0.00970103,"High NTU",50,"day",3,NA,NA,NA,NA,NA,8
"328",41,5,5,0.00213434987156223,5,15,0.02126252,"High NTU",50,"day",1,NA,NA,NA,NA,NA,8
"329",42,50,5,-0.0159054634447631,5,60,0.023670008,"High NTU",50,"day",3,NA,NA,NA,NA,NA,8
"330",43,51,5,-0.00640697193411888,5,61,0.009885137,"High NTU",50,"day",3,NA,NA,NA,NA,NA,8
"331",44,52,5,-0.00314630061768977,5,62,0.019628124,"High NTU",50,"day",3,NA,NA,NA,NA,NA,8
"332",45,54,5,-0.0123611468049139,5,64,0.020070197,"High NTU",50,"day",3,NA,NA,NA,NA,NA,8
"333",46,55,5,-0.00694882551825677,5,65,0.013403261,"High NTU",50,"day",3,NA,NA,NA,NA,NA,8
"334",47,57,5,-0.0117652841551517,5,67,0.03390697,"High NTU",50,"day",3,NA,NA,NA,NA,NA,8
"335",48,58,5,-0.00730475216032657,5,68,0.013189754,"High NTU",50,"day",3,NA,NA,NA,NA,NA,8
"336",49,61,5,-0.0181440516724159,5,71,0.008876429,"High NTU",50,"night",3,NA,NA,NA,NA,NA,8
"337",50,62,5,-0.0112029001292943,5,72,0.007076381,"High NTU",50,"night",3,NA,NA,NA,NA,NA,8
"338",51,63,5,-0.0168026517150817,5,73,0.015958822,"High NTU",50,"night",3,NA,NA,NA,NA,NA,8
"339",52,64,5,-0.0135050812290786,5,74,0.008159957,"High NTU",50,"night",3,NA,NA,NA,NA,NA,8
"340",53,65,5,-0.00901077811287575,5,75,0.012024111,"High NTU",50,"night",3,NA,NA,NA,NA,NA,8
"341",54,66,5,-0.0166722887480356,5,76,0.01833483,"High NTU",50,"night",3,NA,NA,NA,NA,NA,8
"342",55,67,5,-0.013940252442251,5,77,0.008275971,"High NTU",50,"night",3,NA,NA,NA,NA,NA,8
"343",56,68,5,-0.0063851598344995,5,78,0.011435809,"High NTU",50,"night",3,NA,NA,NA,NA,NA,8
"344",57,69,5,-0.0215708810233183,5,79,0.019855256,"High NTU",50,"night",3,NA,NA,NA,NA,NA,8
"345",58,70,5,-0.0145116508901029,5,80,0.002276041,"High NTU",50,"night",3,NA,NA,NA,NA,NA,8
"346",59,71,5,-0.00763453989049212,5,81,0.010796114,"High NTU",50,"night",3,NA,NA,NA,NA,NA,8
"347",60,72,5,-0.0288239361161874,5,82,0.017612826,"High NTU",50,"night",3,NA,NA,NA,NA,NA,8
"348",1,1,6,0.00893218197623473,6,11,-0.000424026,"Control",50,"day",1,NA,NA,NA,NA,NA,8
"349",2,10,6,0.00156224249157977,6,20,0.018688222,"Control",50,"day",1,NA,NA,NA,NA,NA,8
"350",3,11,6,-0.000903543413799681,6,21,0.028628346,"Control",50,"day",1,NA,NA,NA,NA,NA,8
"351",4,12,6,-0.00189489848479373,6,22,0.026422629,"Control",50,"day",1,NA,NA,NA,NA,NA,8
"352",5,13,6,-0.00250802039654029,6,23,0.024542946,"Control",50,"night",1,NA,NA,NA,NA,NA,8
"353",6,14,6,-0.0148736555429568,6,24,0.023091708,"Control",50,"night",1,NA,NA,NA,NA,NA,8
"354",7,15,6,-0.00347093976564014,6,25,0.009909104,"Control",50,"night",1,NA,NA,NA,NA,NA,8
"355",8,16,6,-0.00913559995620399,6,26,0.021988095,"Control",50,"night",1,NA,NA,NA,NA,NA,8
"356",9,17,6,-0.00538625697112429,6,27,0.017338675,"Control",50,"night",1,NA,NA,NA,NA,NA,8
"357",10,18,6,-0.00145638649422873,6,28,0.019980079,"Control",50,"night",1,NA,NA,NA,NA,NA,8
"358",11,19,6,-0.0151640785926836,6,29,0.023811025,"Control",50,"night",1,NA,NA,NA,NA,NA,8
"359",12,20,6,-0.00635862064236716,6,30,0.010052823,"Control",50,"night",1,NA,NA,NA,NA,NA,8
"360",13,21,6,-0.00213862914503022,6,31,0.019226677,"Control",50,"night",1,NA,NA,NA,NA,NA,8
"361",14,22,6,-0.0100509445789498,6,32,0.023940599,"Control",50,"night",1,NA,NA,NA,NA,NA,8
"362",15,23,6,-0.00658932625015927,6,33,0.014914343,"Control",50,"night",1,NA,NA,NA,NA,NA,8
"363",16,24,6,-0.00631306918768107,6,34,0.018860032,"Control",50,"night",1,NA,NA,NA,NA,NA,8
"364",17,25,6,0.00649079703826775,6,35,0.019918589,"Control",50,"day",2,NA,NA,NA,NA,NA,8
"365",18,26,6,0.00135011993075931,6,36,0.033373198,"Control",50,"day",2,NA,NA,NA,NA,NA,8
"366",19,31,6,0.00110398180639061,6,41,0.027079588,"Control",50,"day",2,NA,NA,NA,NA,NA,8
"367",20,34,6,0.00184936367175668,6,44,0.025165249,"Control",50,"day",2,NA,NA,NA,NA,NA,8
"368",21,37,6,-0.00110913417736859,6,47,0.025638769,"Control",50,"night",2,NA,NA,NA,NA,NA,8
"369",22,38,6,-0.0124066403855429,6,48,0.024795821,"Control",50,"night",2,NA,NA,NA,NA,NA,8
"370",23,39,6,-0.00700789790087166,6,49,0.012148994,"Control",50,"night",2,NA,NA,NA,NA,NA,8
"371",24,41,6,-0.0151238608363811,6,51,0.027658684,"Control",50,"night",2,NA,NA,NA,NA,NA,8
"372",25,42,6,-0.00769262103936019,6,52,0.009400975,"Control",50,"night",2,NA,NA,NA,NA,NA,8
"373",26,45,6,-0.00749953063368902,6,55,0.007673944,"Control",50,"night",2,NA,NA,NA,NA,NA,8
"374",27,47,6,-0.0165186304108748,6,57,0.025249104,"Control",50,"night",2,NA,NA,NA,NA,NA,8
"375",28,48,6,-0.00803976599133101,6,58,0.008371118,"Control",50,"night",2,NA,NA,NA,NA,NA,8
"376",29,49,6,0.0053077780171758,6,59,0.017386355,"Control",50,"day",3,NA,NA,NA,NA,NA,8
"377",30,51,6,0.00469953468800007,6,61,0.021802489,"Control",50,"day",3,NA,NA,NA,NA,NA,8
"378",31,52,6,0.00880204939115565,6,62,0.031846167,"Control",50,"day",3,NA,NA,NA,NA,NA,8
"379",32,57,6,-0.00447375550751941,6,67,0.041129258,"Control",50,"day",3,NA,NA,NA,NA,NA,8
"380",33,58,6,-0.000123253992507124,6,68,0.021428023,"Control",50,"day",3,NA,NA,NA,NA,NA,8
"381",34,6,6,0.00729722166984139,6,16,0.042355569,"Control",50,"day",1,NA,NA,NA,NA,NA,8
"382",35,61,6,-0.018037702584812,6,71,0.01652889,"Control",50,"night",3,NA,NA,NA,NA,NA,8
"383",36,63,6,-0.0162545255630003,6,73,0.018479279,"Control",50,"night",3,NA,NA,NA,NA,NA,8
"384",37,64,6,-0.0105596395117327,6,74,0.008437966,"Control",50,"night",3,NA,NA,NA,NA,NA,8
"385",38,65,6,-0.007302807322789,6,75,0.014412863,"Control",50,"night",3,NA,NA,NA,NA,NA,8
"386",39,66,6,-0.0178646786127665,6,76,0.019744956,"Control",50,"night",3,NA,NA,NA,NA,NA,8
"387",40,67,6,-0.0124292457356847,6,77,0.007048404,"Control",50,"night",3,NA,NA,NA,NA,NA,8
"388",41,68,6,-0.00316560140514177,6,78,0.012619714,"Control",50,"night",3,NA,NA,NA,NA,NA,8
"389",42,69,6,-0.0189465978031096,6,79,0.022720642,"Control",50,"night",3,NA,NA,NA,NA,NA,8
"390",43,7,6,0.0105367146419326,6,17,0.035401111,"Control",50,"day",1,NA,NA,NA,NA,NA,8
"391",44,70,6,-0.012966590698158,6,80,0.004746777,"Control",50,"night",3,NA,NA,NA,NA,NA,8
"392",45,71,6,-0.00505436879030514,6,81,0.012080516,"Control",50,"night",3,NA,NA,NA,NA,NA,8
"393",46,72,6,-0.0275604908377804,6,82,0.019813972,"Control",50,"night",3,NA,NA,NA,NA,NA,8
"394",47,8,6,0.0160808058368996,6,18,0.038395846,"Control",50,"day",1,NA,NA,NA,NA,NA,8
"395",48,9,6,-0.00776219374895635,6,19,0.044088369,"Control",50,"day",1,NA,NA,NA,NA,NA,8
"396",1,10,7,-0.00137161373459164,7,20,0.020469022,"High NTU",60,"day",1,NA,NA,NA,NA,NA,8
"397",2,11,7,-0.00171343041219898,7,21,0.029318226,"High NTU",60,"day",1,NA,NA,NA,NA,NA,8
"398",3,12,7,-0.00157129296232435,7,22,0.029416692,"High NTU",60,"day",1,NA,NA,NA,NA,NA,8
"399",4,13,7,-0.00656577823003658,7,23,0.029115584,"High NTU",60,"night",1,NA,NA,NA,NA,NA,8
"400",5,14,7,-0.0172728916230035,7,24,0.02276836,"High NTU",60,"night",1,NA,NA,NA,NA,NA,8
"401",6,15,7,-0.0174828221113201,7,25,0.011440219,"High NTU",60,"night",1,NA,NA,NA,NA,NA,8
"402",7,16,7,-0.0181165034739273,7,26,0.011255813,"High NTU",60,"night",1,NA,NA,NA,NA,NA,8
"403",8,17,7,-0.0192021689631316,7,27,0.012124436,"High NTU",60,"night",1,NA,NA,NA,NA,NA,8
"404",9,18,7,-0.0114247474876814,7,28,0.009721965,"High NTU",60,"night",1,NA,NA,NA,NA,NA,8
"405",10,19,7,-0.027278605574618,7,29,0.01749957,"High NTU",60,"night",1,NA,NA,NA,NA,NA,8
"406",11,2,7,-0.00266703122835796,7,12,0.036760422,"High NTU",60,"day",1,NA,NA,NA,NA,NA,8
"407",12,20,7,-0.0208749619565391,7,30,0.001723807,"High NTU",60,"night",1,NA,NA,NA,NA,NA,8
"408",13,21,7,-0.0133356438826381,7,31,0.00820086,"High NTU",60,"night",1,NA,NA,NA,NA,NA,8
"409",14,22,7,-0.0243205590497652,7,32,0.016516898,"High NTU",60,"night",1,NA,NA,NA,NA,NA,8
"410",15,23,7,-0.0203467529473956,7,33,0.003970836,"High NTU",60,"night",1,NA,NA,NA,NA,NA,8
"411",16,24,7,-0.019895280910011,7,34,0.008543409,"High NTU",60,"night",1,NA,NA,NA,NA,NA,8
"412",17,25,7,0.00114452132445602,7,35,0.010083805,"High NTU",60,"day",2,NA,NA,NA,NA,NA,8
"413",18,26,7,-0.00594705652907941,7,36,0.031654097,"High NTU",60,"day",2,NA,NA,NA,NA,NA,8
"414",19,28,7,-0.00304949756662651,7,38,0.020907481,"High NTU",60,"day",2,NA,NA,NA,NA,NA,8
"415",20,31,7,-0.00109480264293517,7,41,0.025534833,"High NTU",60,"day",2,NA,NA,NA,NA,NA,8
"416",21,34,7,0.00238878752849784,7,44,0.02684619,"High NTU",60,"day",2,NA,NA,NA,NA,NA,8
"417",22,37,7,-0.00728642125258661,7,47,0.029963503,"High NTU",60,"night",2,NA,NA,NA,NA,NA,8
"418",23,38,7,-0.0188006882934685,7,48,0.022738068,"High NTU",60,"night",2,NA,NA,NA,NA,NA,8
"419",24,39,7,-0.0144583423625512,7,49,0.009145794,"High NTU",60,"night",2,NA,NA,NA,NA,NA,8
"420",25,40,7,-0.00576782942391662,7,50,0.014312917,"High NTU",60,"night",2,NA,NA,NA,NA,NA,8
"421",26,41,7,-0.0216567477619478,7,51,0.02382673,"High NTU",60,"night",2,NA,NA,NA,NA,NA,8
"422",27,42,7,-0.0149153268578436,7,52,0.006502369,"High NTU",60,"night",2,NA,NA,NA,NA,NA,8
"423",28,43,7,-0.0063758192596964,7,53,0.013861482,"High NTU",60,"night",2,NA,NA,NA,NA,NA,8
"424",29,44,7,-0.0242905316576363,7,54,0.022736751,"High NTU",60,"night",2,NA,NA,NA,NA,NA,8
"425",30,45,7,-0.0157679472938552,7,55,0.004178486,"High NTU",60,"night",2,NA,NA,NA,NA,NA,8
"426",31,46,7,-0.00925818089803724,7,56,0.013158571,"High NTU",60,"night",2,NA,NA,NA,NA,NA,8
"427",32,47,7,-0.0253218877641272,7,57,0.019599588,"High NTU",60,"night",2,NA,NA,NA,NA,NA,8
"428",33,48,7,-0.0169068126104797,7,58,0.003225316,"High NTU",60,"night",2,NA,NA,NA,NA,NA,8
"429",34,49,7,-0.00596106967952254,7,59,0.011819649,"High NTU",60,"day",3,NA,NA,NA,NA,NA,8
"430",35,5,7,-0.000840173954817287,7,15,0.015973149,"High NTU",60,"day",1,NA,NA,NA,NA,NA,8
"431",36,50,7,-0.0161443266379299,7,60,0.023375321,"High NTU",60,"day",3,NA,NA,NA,NA,NA,8
"432",37,51,7,-0.00927796931013081,7,61,0.01450044,"High NTU",60,"day",3,NA,NA,NA,NA,NA,8
"433",38,52,7,-0.00718426984959437,7,62,0.021358868,"High NTU",60,"day",3,NA,NA,NA,NA,NA,8
"434",39,54,7,-0.0152650847377892,7,64,0.027252657,"High NTU",60,"day",3,NA,NA,NA,NA,NA,8
"435",40,55,7,-0.0111796569373852,7,65,0.015891258,"High NTU",60,"day",3,NA,NA,NA,NA,NA,8
"436",41,58,7,-0.00679279324370583,7,68,0.019007489,"High NTU",60,"day",3,NA,NA,NA,NA,NA,8
"437",42,6,7,-0.00869232647592199,7,16,0.028295278,"High NTU",60,"day",1,NA,NA,NA,NA,NA,8
"438",43,61,7,-0.0219009182187215,7,71,0.017738887,"High NTU",60,"night",3,NA,NA,NA,NA,NA,8
"439",44,63,7,-0.0177569491585079,7,73,0.018630145,"High NTU",60,"night",3,NA,NA,NA,NA,NA,8
"440",45,64,7,-0.0175110730205418,7,74,0.010900973,"High NTU",60,"night",3,NA,NA,NA,NA,NA,8
"441",46,66,7,-0.0180552592750097,7,76,0.020091842,"High NTU",60,"night",3,NA,NA,NA,NA,NA,8
"442",47,67,7,-0.0182705374491468,7,77,0.010577681,"High NTU",60,"night",3,NA,NA,NA,NA,NA,8
"443",48,68,7,-0.00999149984497914,7,78,0.010383094,"High NTU",60,"night",3,NA,NA,NA,NA,NA,8
"444",49,69,7,-0.0224803706700535,7,79,0.019506868,"High NTU",60,"night",3,NA,NA,NA,NA,NA,8
"445",50,7,7,-0.00694756368440034,7,17,0.021683976,"High NTU",60,"day",1,NA,NA,NA,NA,NA,8
"446",51,70,7,-0.0183849979652426,7,80,0.00493278,"High NTU",60,"night",3,NA,NA,NA,NA,NA,8
"447",52,71,7,-0.012771245430778,7,81,0.010115111,"High NTU",60,"night",3,NA,NA,NA,NA,NA,8
"448",53,72,7,-0.0287419499800452,7,82,0.015489505,"High NTU",60,"night",3,NA,NA,NA,NA,NA,8
"449",1,10,8,-0.00400659145885507,8,20,0.025947984,"Control",60,"day",1,NA,NA,NA,NA,NA,8
"450",2,11,8,-0.00531019717702877,8,21,0.038852961,"Control",60,"day",1,NA,NA,NA,NA,NA,8
"451",3,12,8,-0.00623857781912058,8,22,0.037899957,"Control",60,"day",1,NA,NA,NA,NA,NA,8
"452",4,13,8,-0.0163088232887155,8,23,0.03601075,"Control",60,"night",1,NA,NA,NA,NA,NA,8
"453",5,14,8,-0.029325105672307,8,24,0.023983329,"Control",60,"night",1,NA,NA,NA,NA,NA,8
"454",6,15,8,-0.0197393009253363,8,25,0.010204855,"Control",60,"night",1,NA,NA,NA,NA,NA,8
"455",7,16,8,-0.019219433534706,8,26,0.020211409,"Control",60,"night",1,NA,NA,NA,NA,NA,8
"456",8,17,8,-0.0227864288182617,8,27,0.022471587,"Control",60,"night",1,NA,NA,NA,NA,NA,8
"457",9,18,8,-0.0147756833815927,8,28,0.01743259,"Control",60,"night",1,NA,NA,NA,NA,NA,8
"458",10,19,8,-0.0306199741021482,8,29,0.025233362,"Control",60,"night",1,NA,NA,NA,NA,NA,8
"459",11,2,8,-0.00542430062597619,8,12,0.049475358,"Control",60,"day",1,NA,NA,NA,NA,NA,8
"460",12,20,8,-0.0229013621774289,8,30,0.009664229,"Control",60,"night",1,NA,NA,NA,NA,NA,8
"461",13,21,8,-0.0164063328941324,8,31,0.017321106,"Control",60,"night",1,NA,NA,NA,NA,NA,8
"462",14,22,8,-0.0285400784939232,8,32,0.024940991,"Control",60,"night",1,NA,NA,NA,NA,NA,8
"463",15,23,8,-0.0220033973814857,8,33,0.010875619,"Control",60,"night",1,NA,NA,NA,NA,NA,8
"464",16,24,8,-0.0197520217558057,8,34,0.018206567,"Control",60,"night",1,NA,NA,NA,NA,NA,8
"465",17,25,8,0.00119870638542331,8,35,0.022136341,"Control",60,"day",2,NA,NA,NA,NA,NA,8
"466",18,26,8,-0.00338764772798446,8,36,0.043250237,"Control",60,"day",2,NA,NA,NA,NA,NA,8
"467",19,31,8,-0.00533145633811321,8,41,0.035487124,"Control",60,"day",2,NA,NA,NA,NA,NA,8
"468",20,34,8,-0.00118158048949215,8,44,0.037205846,"Control",60,"day",2,NA,NA,NA,NA,NA,8
"469",21,37,8,-0.015578140935781,8,47,0.036887703,"Control",60,"night",2,NA,NA,NA,NA,NA,8
"470",22,38,8,-0.0285667509685157,8,48,0.025708902,"Control",60,"night",2,NA,NA,NA,NA,NA,8
"471",23,39,8,-0.0229789650012462,8,49,0.010129051,"Control",60,"night",2,NA,NA,NA,NA,NA,8
"472",24,40,8,-0.0120251790221822,8,50,0.016891693,"Control",60,"night",2,NA,NA,NA,NA,NA,8
"473",25,41,8,-0.0319743068778833,8,51,0.028884316,"Control",60,"night",2,NA,NA,NA,NA,NA,8
"474",26,42,8,-0.0257717032037083,8,52,0.00681625,"Control",60,"night",2,NA,NA,NA,NA,NA,8
"475",27,43,8,-0.0137835832395952,8,53,0.013898029,"Control",60,"night",2,NA,NA,NA,NA,NA,8
"476",28,44,8,-0.0347776902738594,8,54,0.026254136,"Control",60,"night",2,NA,NA,NA,NA,NA,8
"477",29,45,8,-0.0246478073966509,8,55,0.004588966,"Control",60,"night",2,NA,NA,NA,NA,NA,8
"478",30,46,8,-0.0148970852758255,8,56,0.015175857,"Control",60,"night",2,NA,NA,NA,NA,NA,8
"479",31,47,8,-0.0351026149841379,8,57,0.024906396,"Control",60,"night",2,NA,NA,NA,NA,NA,8
"480",32,48,8,-0.0246480473784093,8,58,0.004410276,"Control",60,"night",2,NA,NA,NA,NA,NA,8
"481",33,49,8,-0.00446347044045413,8,59,0.015187758,"Control",60,"day",3,NA,NA,NA,NA,NA,8
"482",34,5,8,0.000362010041210567,8,15,0.026783589,"Control",60,"day",1,NA,NA,NA,NA,NA,8
"483",35,50,8,-0.00269369906416531,8,60,0.036599138,"Control",60,"day",3,NA,NA,NA,NA,NA,8
"484",36,51,8,-0.00603671767691995,8,61,0.040839609,"Control",60,"day",3,NA,NA,NA,NA,NA,8
"485",37,52,8,-0.00234128510550541,8,62,0.036379471,"Control",60,"day",3,NA,NA,NA,NA,NA,8
"486",38,55,8,-0.00584825279174148,8,65,0.029498132,"Control",60,"day",3,NA,NA,NA,NA,NA,8
"487",39,58,8,-0.00662992126989757,8,68,0.035107497,"Control",60,"day",3,NA,NA,NA,NA,NA,8
"488",40,60,8,-0.0107856943264839,8,70,0.063893118,"Control",60,"day",3,NA,NA,NA,NA,NA,8
"489",41,61,8,-0.0283151526082613,8,71,0.0289625,"Control",60,"night",3,NA,NA,NA,NA,NA,8
"490",42,63,8,-0.02202364988274,8,73,0.029390378,"Control",60,"night",3,NA,NA,NA,NA,NA,8
"491",43,64,8,-0.0216528307335248,8,74,0.017421312,"Control",60,"night",3,NA,NA,NA,NA,NA,8
"492",44,66,8,-0.022281555856773,8,76,0.030959566,"Control",60,"night",3,NA,NA,NA,NA,NA,8
"493",45,67,8,-0.0227638596480679,8,77,0.017409399,"Control",60,"night",3,NA,NA,NA,NA,NA,8
"494",46,68,8,-0.0114401682555164,8,78,0.016921235,"Control",60,"night",3,NA,NA,NA,NA,NA,8
"495",47,69,8,-0.0271294450180468,8,79,0.029463321,"Control",60,"night",3,NA,NA,NA,NA,NA,8
"496",48,70,8,-0.0229306000248384,8,80,0.011046409,"Control",60,"night",3,NA,NA,NA,NA,NA,8
"497",49,71,8,-0.0147854411660799,8,81,0.016476455,"Control",60,"night",3,NA,NA,NA,NA,NA,8
"498",50,72,8,-0.0351371692907916,8,82,0.024474106,"Control",60,"night",3,NA,NA,NA,NA,NA,8
