"","X.5","Cycle","Chamber","MO2.no.Background.Correction","Hour","MO2","Treatment","Genotype","Time.of.Day","Day.of.Exp","X","X.1","X.2","X.3","X.4","Trial","NA."
"1",1,11,1,0.0107548523462312,1,0.003399095,"High Temp High NTU",50,"day",1,NA,NA,NA,NA,"",8,NA
"2",2,12,1,0.00851178912087423,2,0.011426717,"High Temp High NTU",50,"day",1,NA,NA,NA,NA,"cycles 11 - 83",8,NA
"3",3,13,1,0.00933122281485914,3,0.001222386,"High Temp High NTU",50,"day",1,NA,NA,NA,NA,"",8,NA
"4",4,14,1,0.00881093155102513,4,0.001699407,"High Temp High NTU",50,"day",1,NA,NA,NA,NA,"",8,NA
"5",5,15,1,0.00826580567592067,5,6.29668e-05,"High Temp High NTU",50,"day",1,NA,NA,NA,NA,"",8,NA
"6",6,16,1,0.00779850364365785,6,0.005206232,"High Temp High NTU",50,"day",1,NA,NA,NA,NA,"",8,NA
"7",7,17,1,0.00913604598458416,7,-0.010171611,"High Temp High NTU",50,"day",1,NA,NA,NA,NA,"",8,NA
"8",8,18,1,0.0113155784193694,8,-0.003286533,"High Temp High NTU",50,"day",1,NA,NA,NA,NA,"",8,NA
"9",9,19,1,0.00845618667668445,9,0.013352257,"High Temp High NTU",50,"day",1,NA,NA,NA,NA,"",8,NA
"10",10,21,1,0.00362617209483392,11,0.011186048,"High Temp High NTU",50,"day",1,NA,NA,NA,NA,"",8,NA
"11",11,22,1,0.00820099414112115,12,0.01028812,"High Temp High NTU",50,"day",1,NA,NA,NA,NA,"",8,NA
"12",12,23,1,0.0040920922192908,13,0.011496981,"High Temp High NTU",50,"night",1,NA,NA,NA,NA,"",8,NA
"13",13,24,1,0.00178132188970298,14,-0.013560714,"High Temp High NTU",50,"night",1,NA,NA,NA,NA,"",8,NA
"14",14,25,1,0.00249346028046815,15,-0.006851625,"High Temp High NTU",50,"night",1,NA,NA,NA,NA,"",8,NA
"15",15,26,1,0.0105510253795019,16,-0.018679211,"High Temp High NTU",50,"night",1,NA,NA,NA,NA,"",8,NA
"16",16,27,1,0.0114179226571231,17,-0.015972058,"High Temp High NTU",50,"night",1,NA,NA,NA,NA,"",8,NA
"17",17,28,1,0.010585637983713,18,-0.019585882,"High Temp High NTU",50,"night",1,NA,NA,NA,NA,"",8,NA
"18",18,29,1,0.0123375529571777,19,-0.013661179,"High Temp High NTU",50,"night",1,NA,NA,NA,NA,"",8,NA
"19",19,30,1,0.0137028724906759,20,-0.00969783,"High Temp High NTU",50,"night",1,NA,NA,NA,NA,"",8,NA
"20",20,31,1,0.0102193861172777,21,-0.017321295,"High Temp High NTU",50,"night",1,NA,NA,NA,NA,"",8,NA
"21",21,32,1,0.0110789459891486,22,-0.015752184,"High Temp High NTU",50,"night",1,NA,NA,NA,NA,"",8,NA
"22",22,33,1,0.0135838021658247,23,-0.009717836,"High Temp High NTU",50,"night",1,NA,NA,NA,NA,"",8,NA
"23",23,34,1,0.0121698151132586,24,-0.01319129,"High Temp High NTU",50,"night",1,NA,NA,NA,NA,"",8,NA
"24",24,35,1,0.0130719309293838,25,-0.012649711,"High Temp High NTU",50,"day",2,NA,NA,NA,NA,"",8,NA
"25",25,36,1,0.00723478875479786,26,0.013001697,"High Temp High NTU",50,"day",2,NA,NA,NA,NA,"",8,NA
"26",26,37,1,0.00495484426535002,27,0.017281034,"High Temp High NTU",50,"day",2,NA,NA,NA,NA,"",8,NA
"27",27,38,1,0.00544987184535292,28,0.019849817,"High Temp High NTU",50,"day",2,NA,NA,NA,NA,"",8,NA
"28",28,39,1,0.00315002659515674,29,0.016694617,"High Temp High NTU",50,"day",2,NA,NA,NA,NA,"",8,NA
"29",29,40,1,0.00352838018636628,30,0.012507561,"High Temp High NTU",50,"day",2,NA,NA,NA,NA,"",8,NA
"30",30,41,1,0.00731364822327873,31,0.006082435,"High Temp High NTU",50,"day",2,NA,NA,NA,NA,"",8,NA
"31",31,42,1,0.00981396471611566,32,0.005117241,"High Temp High NTU",50,"day",2,NA,NA,NA,NA,"",8,NA
"32",32,43,1,0.00856104851668632,33,0.004661503,"High Temp High NTU",50,"day",2,NA,NA,NA,NA,"",8,NA
"33",33,44,1,0.00821533276142679,34,0.004344849,"High Temp High NTU",50,"day",2,NA,NA,NA,NA,"",8,NA
"34",34,45,1,0.00639816267879684,35,0.005857321,"High Temp High NTU",50,"day",2,NA,NA,NA,NA,"",8,NA
"35",35,46,1,0.00657227339975219,36,0.009361045,"High Temp High NTU",50,"day",2,NA,NA,NA,NA,"",8,NA
"36",36,47,1,0.0030113970318313,37,0.010085866,"High Temp High NTU",50,"night",2,NA,NA,NA,NA,"",8,NA
"37",37,48,1,0.00422193589403273,38,0.006586037,"High Temp High NTU",50,"night",2,NA,NA,NA,NA,"",8,NA
"38",38,49,1,0.000639170209281187,39,-0.015495967,"High Temp High NTU",50,"night",2,NA,NA,NA,NA,"",8,NA
"39",39,50,1,1.18412158673337e-05,40,-0.010186881,"High Temp High NTU",50,"night",2,NA,NA,NA,NA,"",8,NA
"40",40,51,1,0.00261195967210149,41,0.00065905,"High Temp High NTU",50,"night",2,NA,NA,NA,NA,"",8,NA
"41",41,52,1,0.000930970933912547,42,-0.01595562,"High Temp High NTU",50,"night",2,NA,NA,NA,NA,"",8,NA
"42",42,53,1,0.000230855428238586,43,-0.006155062,"High Temp High NTU",50,"night",2,NA,NA,NA,NA,"",8,NA
"43",43,54,1,0.000580713479793076,44,-0.016086576,"High Temp High NTU",50,"night",2,NA,NA,NA,NA,"",8,NA
"44",44,55,1,0.00103822685695665,45,-0.01509766,"High Temp High NTU",50,"night",2,NA,NA,NA,NA,"",8,NA
"45",45,56,1,0.00255693449178664,46,-0.015099104,"High Temp High NTU",50,"night",2,NA,NA,NA,NA,"",8,NA
"46",46,57,1,0.000381287684035948,47,-0.011891468,"High Temp High NTU",50,"night",2,NA,NA,NA,NA,"",8,NA
"47",47,58,1,0.00983727560652193,48,0.011541782,"High Temp High NTU",50,"night",2,NA,NA,NA,NA,"",8,NA
"48",48,59,1,0.000512329487141326,49,-0.008422521,"High Temp High NTU",50,"day",3,NA,NA,NA,NA,"",8,NA
"49",49,60,1,0.0096566540033859,50,4.37961e-05,"High Temp High NTU",50,"day",3,NA,NA,NA,NA,"",8,NA
"50",50,61,1,0.00892071845161486,51,0.010485609,"High Temp High NTU",50,"day",3,NA,NA,NA,NA,"",8,NA
"51",51,62,1,0.00582346127620154,52,0.006000459,"High Temp High NTU",50,"day",3,NA,NA,NA,NA,"",8,NA
"52",52,63,1,0.00757218442453679,53,0.007114371,"High Temp High NTU",50,"day",3,NA,NA,NA,NA,"",8,NA
"53",53,64,1,0.0105045242460936,54,0.007655792,"High Temp High NTU",50,"day",3,NA,NA,NA,NA,"",8,NA
"54",54,65,1,0.00620354683356485,55,0.006085779,"High Temp High NTU",50,"day",3,NA,NA,NA,NA,"",8,NA
"55",55,66,1,0.00748640481833302,56,0.007819594,"High Temp High NTU",50,"day",3,NA,NA,NA,NA,"",8,NA
"56",56,67,1,0.00692956170668999,57,0.008443297,"High Temp High NTU",50,"day",3,NA,NA,NA,NA,"",8,NA
"57",57,68,1,0.00972507459960974,58,-0.001858343,"High Temp High NTU",50,"day",3,NA,NA,NA,NA,"",8,NA
"58",58,69,1,0.0124068603372079,59,0.008014181,"High Temp High NTU",50,"day",3,NA,NA,NA,NA,"",8,NA
"59",59,70,1,0.00940580870921479,60,0.006880735,"High Temp High NTU",50,"day",3,NA,NA,NA,NA,"",8,NA
"60",60,71,1,0.0062435308017344,61,0.006856958,"High Temp High NTU",50,"night",3,NA,NA,NA,NA,"",8,NA
"61",61,72,1,0.0126698351856571,62,-0.009902969,"High Temp High NTU",50,"night",3,NA,NA,NA,NA,"",8,NA
"62",62,73,1,0.0169600501325823,63,-0.002031801,"High Temp High NTU",50,"night",3,NA,NA,NA,NA,"",8,NA
"63",63,74,1,0.0144064634634629,64,-0.006270056,"High Temp High NTU",50,"night",3,NA,NA,NA,NA,"",8,NA
"64",64,75,1,0.00958381173692019,65,-0.024246625,"High Temp High NTU",50,"night",3,NA,NA,NA,NA,"",8,NA
"65",65,76,1,0.0132316268876224,66,-0.017710226,"High Temp High NTU",50,"night",3,NA,NA,NA,NA,"",8,NA
"66",66,77,1,0.0123732886103838,67,-0.017423578,"High Temp High NTU",50,"night",3,NA,NA,NA,NA,"",8,NA
"67",67,78,1,0.0118510388571205,68,-0.019149056,"High Temp High NTU",50,"night",3,NA,NA,NA,NA,"",8,NA
"68",68,79,1,0.0119573104978973,69,-0.01953089,"High Temp High NTU",50,"night",3,NA,NA,NA,NA,"",8,NA
"69",69,80,1,0.0120358367897817,70,-0.018757073,"High Temp High NTU",50,"night",3,NA,NA,NA,NA,"",8,NA
"70",70,81,1,0.0118429464689825,71,-0.018746647,"High Temp High NTU",50,"night",3,NA,NA,NA,NA,"",8,NA
"71",71,82,1,0.0128887664965702,72,-0.014337866,"High Temp High NTU",50,"night",3,NA,NA,NA,NA,"",8,NA
"72",1,11,2,0.00936071734886485,1,-0.014404249,"High Temp  ",50,"day",1,NA,NA,NA,NA,NA,8,2
"73",2,12,2,0.0111728573580102,2,0.004075981,"High Temp  ",50,"day",1,NA,NA,NA,NA,NA,8,2
"74",3,13,2,0.00590634090773022,3,-0.002183206,"High Temp  ",50,"day",1,NA,NA,NA,NA,NA,8,2
"75",4,14,2,0.00239932791211292,4,-0.001726155,"High Temp  ",50,"day",1,NA,NA,NA,NA,NA,8,2
"76",5,15,2,0.00372918744791147,5,-0.004251852,"High Temp  ",50,"day",1,NA,NA,NA,NA,NA,8,2
"77",6,16,2,0.00851119099596495,6,-0.000382795,"High Temp  ",50,"day",1,NA,NA,NA,NA,NA,8,2
"78",7,17,2,0.00524322170249206,7,0.003695176,"High Temp  ",50,"day",1,NA,NA,NA,NA,NA,8,2
"79",8,18,2,0.00518243827245773,8,0.003403313,"High Temp  ",50,"day",1,NA,NA,NA,NA,NA,8,2
"80",9,19,2,0.0041840274111351,9,0.005207976,"High Temp  ",50,"day",1,NA,NA,NA,NA,NA,8,2
"81",10,20,2,0.0086424679628403,10,0.005708806,"High Temp  ",50,"day",1,NA,NA,NA,NA,NA,8,2
"82",11,21,2,0.00399327739716895,11,0.006714824,"High Temp  ",50,"day",1,NA,NA,NA,NA,NA,8,2
"83",12,22,2,0.00779491536383098,12,0.006515568,"High Temp  ",50,"day",1,NA,NA,NA,NA,NA,8,2
"84",13,23,2,3.96973766344159e-06,13,0.006783693,"High Temp  ",50,"night",1,NA,NA,NA,NA,NA,8,2
"85",14,24,2,0.00763545266212676,14,-0.006145725,"High Temp  ",50,"night",1,NA,NA,NA,NA,NA,8,2
"86",15,25,2,0.0100466804645455,15,-0.000330143,"High Temp  ",50,"night",1,NA,NA,NA,NA,NA,8,2
"87",16,26,2,0.00930577764881137,16,-0.002244905,"High Temp  ",50,"night",1,NA,NA,NA,NA,NA,8,2
"88",17,27,2,0.00918920472359105,17,-0.002041146,"High Temp  ",50,"night",1,NA,NA,NA,NA,NA,8,2
"89",18,28,2,0.00854774866361687,18,-0.002576277,"High Temp  ",50,"night",1,NA,NA,NA,NA,NA,8,2
"90",19,29,2,0.00913170479609439,19,-0.001729364,"High Temp  ",50,"night",1,NA,NA,NA,NA,NA,8,2
"91",20,30,2,0.00915411092389983,20,-0.002325455,"High Temp  ",50,"night",1,NA,NA,NA,NA,NA,8,2
"92",21,31,2,0.0093179602288691,21,-0.002657894,"High Temp  ",50,"night",1,NA,NA,NA,NA,NA,8,2
"93",22,32,2,0.00889100947420679,22,-0.001818407,"High Temp  ",50,"night",1,NA,NA,NA,NA,NA,8,2
"94",23,33,2,0.00900211713797916,23,-0.00160322,"High Temp  ",50,"night",1,NA,NA,NA,NA,NA,8,2
"95",24,34,2,0.00926588097029691,24,-0.001760253,"High Temp  ",50,"night",1,NA,NA,NA,NA,NA,8,2
"96",25,35,2,0.0106426034129919,25,-0.001207432,"High Temp  ",50,"day",2,NA,NA,NA,NA,NA,8,2
"97",26,36,2,0.00991648218535538,26,0.005954083,"High Temp  ",50,"day",2,NA,NA,NA,NA,NA,8,2
"98",27,37,2,0.0061741318889259,27,0.001699684,"High Temp  ",50,"day",2,NA,NA,NA,NA,NA,8,2
"99",28,38,2,0.00647660830083488,28,0.005262311,"High Temp  ",50,"day",2,NA,NA,NA,NA,NA,8,2
"100",29,39,2,0.00585286153537747,29,0.005009606,"High Temp  ",50,"day",2,NA,NA,NA,NA,NA,8,2
"101",30,40,2,0.00458746949780604,30,0.006722903,"High Temp  ",50,"day",2,NA,NA,NA,NA,NA,8,2
"102",31,41,2,0.00549233766527829,31,0.006056679,"High Temp  ",50,"day",2,NA,NA,NA,NA,NA,8,2
"103",32,42,2,0.00537267679262571,32,0.004608508,"High Temp  ",50,"day",2,NA,NA,NA,NA,NA,8,2
"104",33,43,2,0.00660420276313216,33,0.004464687,"High Temp  ",50,"day",2,NA,NA,NA,NA,NA,8,2
"105",34,44,2,0.00493625020785478,34,0.000877098,"High Temp  ",50,"day",2,NA,NA,NA,NA,NA,8,2
"106",35,45,2,0.00599981053946716,35,0.005052162,"High Temp  ",50,"day",2,NA,NA,NA,NA,NA,8,2
"107",36,46,2,0.00378799848115463,36,0.003108567,"High Temp  ",50,"day",2,NA,NA,NA,NA,NA,8,2
"108",37,47,2,0.000347548640604049,37,0.004812213,"High Temp  ",50,"night",2,NA,NA,NA,NA,NA,8,2
"109",38,48,2,0.00497316352411442,38,-0.02382508,"High Temp  ",50,"night",2,NA,NA,NA,NA,NA,8,2
"110",39,49,2,0.00929885918443574,39,-0.014908613,"High Temp  ",50,"night",2,NA,NA,NA,NA,NA,8,2
"111",40,50,2,0.00938520218451553,40,-0.01449009,"High Temp  ",50,"night",2,NA,NA,NA,NA,NA,8,2
"112",41,51,2,0.00846781601211249,41,-0.014957479,"High Temp  ",50,"night",2,NA,NA,NA,NA,NA,8,2
"113",42,52,2,0.00865094791784288,42,-0.013064568,"High Temp  ",50,"night",2,NA,NA,NA,NA,NA,8,2
"114",43,53,2,0.00917825826952579,43,-0.011646286,"High Temp  ",50,"night",2,NA,NA,NA,NA,NA,8,2
"115",44,54,2,0.0101283587296932,44,-0.011442793,"High Temp  ",50,"night",2,NA,NA,NA,NA,NA,8,2
"116",45,55,2,0.00946320804957705,45,-0.011307019,"High Temp  ",50,"night",2,NA,NA,NA,NA,NA,8,2
"117",46,56,2,0.0109316779498363,46,-0.011247751,"High Temp  ",50,"night",2,NA,NA,NA,NA,NA,8,2
"118",47,57,2,0.0104429223559093,47,-0.011873672,"High Temp  ",50,"night",2,NA,NA,NA,NA,NA,8,2
"119",48,58,2,0.00983953637736125,48,-0.013151574,"High Temp  ",50,"night",2,NA,NA,NA,NA,NA,8,2
"120",49,59,2,0.0118326816876257,49,-0.01432994,"High Temp  ",50,"day",3,NA,NA,NA,NA,NA,8,2
"121",50,60,2,0.00753076906543696,50,0.008836969,"High Temp  ",50,"day",3,NA,NA,NA,NA,NA,8,2
"122",51,61,2,0.0048221553022927,51,0.005427156,"High Temp  ",50,"day",3,NA,NA,NA,NA,NA,8,2
"123",52,62,2,0.00190708461640815,52,0.002456321,"High Temp  ",50,"day",3,NA,NA,NA,NA,NA,8,2
"124",53,63,2,0.00343003652012209,53,0.004411634,"High Temp  ",50,"day",3,NA,NA,NA,NA,NA,8,2
"125",54,64,2,0.00730911118131317,54,-1.47e-05,"High Temp  ",50,"day",3,NA,NA,NA,NA,NA,8,2
"126",55,65,2,0.00323429350062571,55,-0.001523601,"High Temp  ",50,"day",3,NA,NA,NA,NA,NA,8,2
"127",56,66,2,0.00232578579847991,56,-0.002512078,"High Temp  ",50,"day",3,NA,NA,NA,NA,NA,8,2
"128",57,67,2,0.00180935192172528,57,-0.002537076,"High Temp  ",50,"day",3,NA,NA,NA,NA,NA,8,2
"129",58,68,2,0.00520726729512474,58,0.003203985,"High Temp  ",50,"day",3,NA,NA,NA,NA,NA,8,2
"130",59,69,2,0.0073430096417563,59,0.003182136,"High Temp  ",50,"day",3,NA,NA,NA,NA,NA,8,2
"131",60,70,2,0.00577645505647498,60,0.002854973,"High Temp  ",50,"day",3,NA,NA,NA,NA,NA,8,2
"132",61,71,2,0.00328536826945962,61,0.002723757,"High Temp  ",50,"night",3,NA,NA,NA,NA,NA,8,2
"133",62,72,2,0.00963761502907176,62,-0.015446957,"High Temp  ",50,"night",3,NA,NA,NA,NA,NA,8,2
"134",63,73,2,0.012599983601784,63,-0.012835669,"High Temp  ",50,"night",3,NA,NA,NA,NA,NA,8,2
"135",64,74,2,0.0112056833704759,64,-0.013807929,"High Temp  ",50,"night",3,NA,NA,NA,NA,NA,8,2
"136",65,75,2,0.0117104704855066,65,-0.01246493,"High Temp  ",50,"night",3,NA,NA,NA,NA,NA,8,2
"137",66,76,2,0.0111309526883417,66,-0.01319133,"High Temp  ",50,"night",3,NA,NA,NA,NA,NA,8,2
"138",67,77,2,0.0118043808795993,67,-0.011676556,"High Temp  ",50,"night",3,NA,NA,NA,NA,NA,8,2
"139",68,78,2,0.0103222147759191,68,-0.012230037,"High Temp  ",50,"night",3,NA,NA,NA,NA,NA,8,2
"140",69,79,2,0.0108971147465955,69,-0.012194381,"High Temp  ",50,"night",3,NA,NA,NA,NA,NA,8,2
"141",70,80,2,0.0110175569546049,70,-0.012550376,"High Temp  ",50,"night",3,NA,NA,NA,NA,NA,8,2
"142",71,81,2,0.0105709045504195,71,-0.012193916,"High Temp  ",50,"night",3,NA,NA,NA,NA,NA,8,2
"143",72,82,2,0.0110111538193087,72,-0.012513632,"High Temp  ",50,"night",3,NA,NA,NA,NA,NA,8,2
"144",1,11,3,0.0117158535533237,1,-0.012703226,"High Temp High NTU",60,"day",1,NA,NA,NA,NA,NA,8,NA
"145",2,12,3,0.0119253053430583,2,0.00890748,"High Temp High NTU",60,"day",1,NA,NA,NA,NA,NA,8,NA
"146",3,13,3,0.00586998994968683,3,-0.000247907,"High Temp High NTU",60,"day",1,NA,NA,NA,NA,NA,8,NA
"147",4,14,3,0.00896204374106952,4,-0.00130374,"High Temp High NTU",60,"day",1,NA,NA,NA,NA,NA,8,NA
"148",5,15,3,0.00947651005763061,5,-0.000929688,"High Temp High NTU",60,"day",1,NA,NA,NA,NA,NA,8,NA
"149",6,16,3,0.00774897429426675,6,0.00660425,"High Temp High NTU",60,"day",1,NA,NA,NA,NA,NA,8,NA
"150",7,17,3,0.00673701980411402,7,0.004046633,"High Temp High NTU",60,"day",1,NA,NA,NA,NA,NA,8,NA
"151",8,18,3,0.00537594039498648,8,0.003016334,"High Temp High NTU",60,"day",1,NA,NA,NA,NA,NA,8,NA
"152",9,19,3,0.0072008405470048,9,0.00311819,"High Temp High NTU",60,"day",1,NA,NA,NA,NA,NA,8,NA
"153",10,20,3,0.00731560632769413,10,0.003082793,"High Temp High NTU",60,"day",1,NA,NA,NA,NA,NA,8,NA
"154",11,21,3,0.00712262987229039,11,0.002417126,"High Temp High NTU",60,"day",1,NA,NA,NA,NA,NA,8,NA
"155",12,22,3,0.0105970631080862,12,0.003570008,"High Temp High NTU",60,"day",1,NA,NA,NA,NA,NA,8,NA
"156",13,23,3,0.00384554085348789,13,0.001862598,"High Temp High NTU",60,"night",1,NA,NA,NA,NA,NA,8,NA
"157",14,24,3,0.00711193926446969,14,-0.00733832,"High Temp High NTU",60,"night",1,NA,NA,NA,NA,NA,8,NA
"158",15,25,3,0.0102339022985876,15,-0.004500921,"High Temp High NTU",60,"night",1,NA,NA,NA,NA,NA,8,NA
"159",16,26,3,0.0109854934202236,16,-0.006084158,"High Temp High NTU",60,"night",1,NA,NA,NA,NA,NA,8,NA
"160",17,27,3,0.00957967004588628,17,-0.007465691,"High Temp High NTU",60,"night",1,NA,NA,NA,NA,NA,8,NA
"161",18,28,3,0.0104912645124464,18,-0.005219208,"High Temp High NTU",60,"night",1,NA,NA,NA,NA,NA,8,NA
"162",19,29,3,0.0105429775696202,19,-0.007134713,"High Temp High NTU",60,"night",1,NA,NA,NA,NA,NA,8,NA
"163",20,30,3,0.0103464508306437,20,-0.008074046,"High Temp High NTU",60,"night",1,NA,NA,NA,NA,NA,8,NA
"164",21,31,3,0.0105182347389551,21,-0.008867385,"High Temp High NTU",60,"night",1,NA,NA,NA,NA,NA,8,NA
"165",22,32,3,0.00970486383185152,22,-0.009092084,"High Temp High NTU",60,"night",1,NA,NA,NA,NA,NA,8,NA
"166",23,33,3,0.00970883506586682,23,-0.009186303,"High Temp High NTU",60,"night",1,NA,NA,NA,NA,NA,8,NA
"167",24,34,3,0.0102818799876769,24,-0.009325321,"High Temp High NTU",60,"night",1,NA,NA,NA,NA,NA,8,NA
"168",25,35,3,0.0116807616266877,25,-0.01004754,"High Temp High NTU",60,"day",2,NA,NA,NA,NA,NA,8,NA
"169",26,36,3,0.010493575687046,26,0.000484749,"High Temp High NTU",60,"day",2,NA,NA,NA,NA,NA,8,NA
"170",27,37,3,0.00776017610372425,27,-0.002858057,"High Temp High NTU",60,"day",2,NA,NA,NA,NA,NA,8,NA
"171",28,38,3,0.00665708740035094,28,-0.000262137,"High Temp High NTU",60,"day",2,NA,NA,NA,NA,NA,8,NA
"172",29,39,3,0.00702638822482418,29,-0.001934886,"High Temp High NTU",60,"day",2,NA,NA,NA,NA,NA,8,NA
"173",30,40,3,0.00740537016847555,30,-0.001253018,"High Temp High NTU",60,"day",2,NA,NA,NA,NA,NA,8,NA
"174",31,41,3,0.00669494815438314,31,-0.006925985,"High Temp High NTU",60,"day",2,NA,NA,NA,NA,NA,8,NA
"175",32,42,3,0.00683574151447347,32,-0.010092519,"High Temp High NTU",60,"day",2,NA,NA,NA,NA,NA,8,NA
"176",33,43,3,0.0074498955679165,33,-0.015146902,"High Temp High NTU",60,"day",2,NA,NA,NA,NA,NA,8,NA
"177",34,44,3,0.00456309372513133,34,-0.012756147,"High Temp High NTU",60,"day",2,NA,NA,NA,NA,NA,8,NA
"178",35,45,3,0.00227713825505197,35,-0.012477986,"High Temp High NTU",60,"day",2,NA,NA,NA,NA,NA,8,NA
"179",36,46,3,0.00558505504327933,36,-0.011212004,"High Temp High NTU",60,"day",2,NA,NA,NA,NA,NA,8,NA
"180",37,47,3,0.00313152646985215,37,-0.009713142,"High Temp High NTU",60,"night",2,NA,NA,NA,NA,NA,8,NA
"181",38,48,3,0.0069979498285451,38,-0.030770895,"High Temp High NTU",60,"night",2,NA,NA,NA,NA,NA,8,NA
"182",39,49,3,0.0105561041279458,39,-0.029054864,"High Temp High NTU",60,"night",2,NA,NA,NA,NA,NA,8,NA
"183",40,50,3,0.0115040925095494,40,-0.029301669,"High Temp High NTU",60,"night",2,NA,NA,NA,NA,NA,8,NA
"184",41,51,3,0.0106302968098157,41,-0.030710076,"High Temp High NTU",60,"night",2,NA,NA,NA,NA,NA,8,NA
"185",42,52,3,0.0103399604873907,42,-0.030608048,"High Temp High NTU",60,"night",2,NA,NA,NA,NA,NA,8,NA
"186",43,53,3,0.00944406181954495,43,-0.030369344,"High Temp High NTU",60,"night",2,NA,NA,NA,NA,NA,8,NA
"187",44,54,3,0.00938581604581937,44,-0.02967052,"High Temp High NTU",60,"night",2,NA,NA,NA,NA,NA,8,NA
"188",45,55,3,0.010480194783071,45,-0.028337196,"High Temp High NTU",60,"night",2,NA,NA,NA,NA,NA,8,NA
"189",46,56,3,0.0109683945239389,46,-0.028026504,"High Temp High NTU",60,"night",2,NA,NA,NA,NA,NA,8,NA
"190",47,57,3,0.011586841754707,47,-0.028247382,"High Temp High NTU",60,"night",2,NA,NA,NA,NA,NA,8,NA
"191",48,58,3,0.0112850551144675,48,-0.029218693,"High Temp High NTU",60,"night",2,NA,NA,NA,NA,NA,8,NA
"192",49,59,3,0.0120815993911209,49,-0.029808915,"High Temp High NTU",60,"day",3,NA,NA,NA,NA,NA,8,NA
"193",50,60,3,0.0104050946441953,50,-0.007824046,"High Temp High NTU",60,"day",3,NA,NA,NA,NA,NA,8,NA
"194",51,61,3,0.00659076931664569,51,-0.005519787,"High Temp High NTU",60,"day",3,NA,NA,NA,NA,NA,8,NA
"195",52,62,3,0.00543186803775353,52,-0.005977338,"High Temp High NTU",60,"day",3,NA,NA,NA,NA,NA,8,NA
"196",53,63,3,0.00583165817455098,53,-0.006483135,"High Temp High NTU",60,"day",3,NA,NA,NA,NA,NA,8,NA
"197",54,64,3,0.00814310227257178,54,-0.007091285,"High Temp High NTU",60,"day",3,NA,NA,NA,NA,NA,8,NA
"198",55,65,3,0.00652749746782762,55,-0.008231316,"High Temp High NTU",60,"day",3,NA,NA,NA,NA,NA,8,NA
"199",56,66,3,0.00794952735859559,56,-0.008852533,"High Temp High NTU",60,"day",3,NA,NA,NA,NA,NA,8,NA
"200",57,67,3,0.00794851448250902,57,-0.007397499,"High Temp High NTU",60,"day",3,NA,NA,NA,NA,NA,8,NA
"201",58,68,3,0.010033912215401,58,-0.007256994,"High Temp High NTU",60,"day",3,NA,NA,NA,NA,NA,8,NA
"202",59,69,3,0.00878707221743935,59,-0.006671103,"High Temp High NTU",60,"day",3,NA,NA,NA,NA,NA,8,NA
"203",60,70,3,0.0103142803024995,60,-0.003693722,"High Temp High NTU",60,"day",3,NA,NA,NA,NA,NA,8,NA
"204",61,71,3,0.00389631005375231,61,-0.006190634,"High Temp High NTU",60,"night",3,NA,NA,NA,NA,NA,8,NA
"205",62,72,3,0.0089173054921717,62,-0.023208609,"High Temp High NTU",60,"night",3,NA,NA,NA,NA,NA,8,NA
"206",63,73,3,0.0116931184336667,63,-0.018319879,"High Temp High NTU",60,"night",3,NA,NA,NA,NA,NA,8,NA
"207",64,74,3,0.0104370800727053,64,-0.017880251,"High Temp High NTU",60,"night",3,NA,NA,NA,NA,NA,8,NA
"208",65,75,3,0.0102205148011943,65,-0.017700198,"High Temp High NTU",60,"night",3,NA,NA,NA,NA,NA,8,NA
"209",66,76,3,0.0111463448813884,66,-0.016953283,"High Temp High NTU",60,"night",3,NA,NA,NA,NA,NA,8,NA
"210",67,77,3,0.0109141527396053,67,-0.017507529,"High Temp High NTU",60,"night",3,NA,NA,NA,NA,NA,8,NA
"211",68,78,3,0.0115786260983682,68,-0.017543557,"High Temp High NTU",60,"night",3,NA,NA,NA,NA,NA,8,NA
"212",69,79,3,0.0122026642756864,69,-0.018522182,"High Temp High NTU",60,"night",3,NA,NA,NA,NA,NA,8,NA
"213",70,80,3,0.0117586700627347,70,-0.019645791,"High Temp High NTU",60,"night",3,NA,NA,NA,NA,NA,8,NA
"214",71,81,3,0.0101827090326415,71,-0.019776918,"High Temp High NTU",60,"night",3,NA,NA,NA,NA,NA,8,NA
"215",72,82,3,0.00985131590249991,72,-0.019213704,"High Temp High NTU",60,"night",3,NA,NA,NA,NA,NA,8,NA
"216",1,11,4,0.017655916728349,1,-0.010682509,"High Temp",60,"day",1,NA,NA,NA,NA,NA,8,NA
"217",2,12,4,0.0179178006668394,2,0.002105898,"High Temp",60,"day",1,NA,NA,NA,NA,NA,8,NA
"218",3,13,4,0.00350911923829245,3,0.013504577,"High Temp",60,"day",1,NA,NA,NA,NA,NA,8,NA
"219",4,14,4,0.00759441610801378,4,0.015392154,"High Temp",60,"day",1,NA,NA,NA,NA,NA,8,NA
"220",5,15,4,0.00564110526685096,5,0.013155702,"High Temp",60,"day",1,NA,NA,NA,NA,NA,8,NA
"221",6,16,4,0.00524509161097003,6,0.014295861,"High Temp",60,"day",1,NA,NA,NA,NA,NA,8,NA
"222",7,17,4,0.0111159135351235,7,0.004157573,"High Temp",60,"day",1,NA,NA,NA,NA,NA,8,NA
"223",8,18,4,0.00986202038768206,8,0.007922648,"High Temp",60,"day",1,NA,NA,NA,NA,NA,8,NA
"224",9,19,4,0.012274691540613,9,0.001873029,"High Temp",60,"day",1,NA,NA,NA,NA,NA,8,NA
"225",10,20,4,0.0111090163523391,10,0.004093937,"High Temp",60,"day",1,NA,NA,NA,NA,NA,8,NA
"226",11,21,4,0.00732595287201505,11,0.012262504,"High Temp",60,"day",1,NA,NA,NA,NA,NA,8,NA
"227",12,22,4,0.0102550190851086,12,0.014585617,"High Temp",60,"day",1,NA,NA,NA,NA,NA,8,NA
"228",13,23,4,0.00400630932663991,13,0.012828398,"High Temp",60,"night",1,NA,NA,NA,NA,NA,8,NA
"229",14,24,4,0.00634784115247937,14,0.005658282,"High Temp",60,"night",1,NA,NA,NA,NA,NA,8,NA
"230",15,25,4,0.0025485167305692,15,0.002374931,"High Temp",60,"night",1,NA,NA,NA,NA,NA,8,NA
"231",16,26,4,0.00244960438421313,16,0.004349309,"High Temp",60,"night",1,NA,NA,NA,NA,NA,8,NA
"232",17,27,4,0.0162599802189784,17,-0.006880464,"High Temp",60,"night",1,NA,NA,NA,NA,NA,8,NA
"233",18,28,4,0.0137691456330087,18,-0.000713464,"High Temp",60,"night",1,NA,NA,NA,NA,NA,8,NA
"234",19,29,4,0.0128553422104852,19,-0.002535205,"High Temp",60,"night",1,NA,NA,NA,NA,NA,8,NA
"235",20,30,4,0.0135493573811161,20,-0.003788764,"High Temp",60,"night",1,NA,NA,NA,NA,NA,8,NA
"236",21,31,4,0.0143092556745713,21,-0.00388831,"High Temp",60,"night",1,NA,NA,NA,NA,NA,8,NA
"237",22,32,4,0.0133697925964141,22,-0.003507514,"High Temp",60,"night",1,NA,NA,NA,NA,NA,8,NA
"238",23,33,4,0.0119630129149846,23,-0.004287834,"High Temp",60,"night",1,NA,NA,NA,NA,NA,8,NA
"239",24,34,4,0.0135089818605635,24,-0.003463544,"High Temp",60,"night",1,NA,NA,NA,NA,NA,8,NA
"240",25,35,4,0.0156246410492645,25,-0.002338314,"High Temp",60,"day",2,NA,NA,NA,NA,NA,8,NA
"241",26,36,4,0.0128011283269432,26,0.008915493,"High Temp",60,"day",2,NA,NA,NA,NA,NA,8,NA
"242",27,37,4,0.00632832921645628,27,0.008536113,"High Temp",60,"day",2,NA,NA,NA,NA,NA,8,NA
"243",28,38,4,0.000656397376284137,28,0.007139808,"High Temp",60,"day",2,NA,NA,NA,NA,NA,8,NA
"244",29,39,4,0.0080334952334888,29,0.016595302,"High Temp",60,"day",2,NA,NA,NA,NA,NA,8,NA
"245",30,40,4,0.0060615019877358,30,0.015538491,"High Temp",60,"day",2,NA,NA,NA,NA,NA,8,NA
"246",31,41,4,0.0124738329853011,31,0.015554604,"High Temp",60,"day",2,NA,NA,NA,NA,NA,8,NA
"247",32,42,4,-0.0036599107082878,32,0.004296779,"High Temp",60,"day",2,NA,NA,NA,NA,NA,8,NA
"248",33,43,4,0.0145649085958443,33,-0.007316108,"High Temp",60,"day",2,NA,NA,NA,NA,NA,8,NA
"249",34,44,4,0.0191011744045784,34,0.006813168,"High Temp",60,"day",2,NA,NA,NA,NA,NA,8,NA
"250",35,45,4,0.00498611801963018,35,-0.009189506,"High Temp",60,"day",2,NA,NA,NA,NA,NA,8,NA
"251",36,46,4,0.011997298785476,36,-0.008008283,"High Temp",60,"day",2,NA,NA,NA,NA,NA,8,NA
"252",37,47,4,0.00725815756415544,37,-0.006660021,"High Temp",60,"night",2,NA,NA,NA,NA,NA,8,NA
"253",38,48,4,0.0131216992461339,38,0.006360613,"High Temp",60,"night",2,NA,NA,NA,NA,NA,8,NA
"254",39,49,4,0.0104863622182198,39,0.009371252,"High Temp",60,"night",2,NA,NA,NA,NA,NA,8,NA
"255",40,50,4,0.010171739033924,40,0.009500153,"High Temp",60,"night",2,NA,NA,NA,NA,NA,8,NA
"256",41,51,4,0.00883714974429327,41,0.008988392,"High Temp",60,"night",2,NA,NA,NA,NA,NA,8,NA
"257",42,52,4,0.00681334753982619,42,0.008032183,"High Temp",60,"night",2,NA,NA,NA,NA,NA,8,NA
"258",43,53,4,0.00669359401865855,43,0.00978338,"High Temp",60,"night",2,NA,NA,NA,NA,NA,8,NA
"259",44,54,4,0.00647298324203939,44,0.01081117,"High Temp",60,"night",2,NA,NA,NA,NA,NA,8,NA
"260",45,55,4,0.00780633418434984,45,0.011688037,"High Temp",60,"night",2,NA,NA,NA,NA,NA,8,NA
"261",46,56,4,0.00780320713816129,46,0.012044792,"High Temp",60,"night",2,NA,NA,NA,NA,NA,8,NA
"262",47,57,4,0.00903633737844416,47,0.011719191,"High Temp",60,"night",2,NA,NA,NA,NA,NA,8,NA
"263",48,58,4,0.00950035374461461,48,0.011465318,"High Temp",60,"night",2,NA,NA,NA,NA,NA,8,NA
"264",49,59,4,0.00890818635854577,49,0.010206649,"High Temp",60,"day",3,NA,NA,NA,NA,NA,8,NA
"265",50,60,4,0.00457178632747468,50,0.011467848,"High Temp",60,"day",3,NA,NA,NA,NA,NA,8,NA
"266",51,61,4,0.0113824619047495,51,-0.007448295,"High Temp",60,"day",3,NA,NA,NA,NA,NA,8,NA
"267",52,62,4,0.0103765327575211,52,-0.008368636,"High Temp",60,"day",3,NA,NA,NA,NA,NA,8,NA
"268",53,63,4,0.0109711160677728,53,-0.006187774,"High Temp",60,"day",3,NA,NA,NA,NA,NA,8,NA
"269",54,64,4,0.0151465379343126,54,0.006604981,"High Temp",60,"day",3,NA,NA,NA,NA,NA,8,NA
"270",55,65,4,0.00194909879275523,55,0.000620128,"High Temp",60,"day",3,NA,NA,NA,NA,NA,8,NA
"271",56,66,4,0.00864788027949764,56,-0.014367249,"High Temp",60,"day",3,NA,NA,NA,NA,NA,8,NA
"272",57,67,4,0.0108150365697534,57,-0.009478061,"High Temp",60,"day",3,NA,NA,NA,NA,NA,8,NA
"273",58,68,4,0.0226631829457143,58,-0.011111049,"High Temp",60,"day",3,NA,NA,NA,NA,NA,8,NA
"274",59,69,4,0.011295707486104,59,0.001946995,"High Temp",60,"day",3,NA,NA,NA,NA,NA,8,NA
"275",60,70,4,0.00826444307483074,60,0.017738653,"High Temp",60,"day",3,NA,NA,NA,NA,NA,8,NA
"276",61,71,4,0.000277168109945569,61,0.004838496,"High Temp",60,"night",3,NA,NA,NA,NA,NA,8,NA
"277",62,72,4,0.0163827966103824,62,-0.00979434,"High Temp",60,"night",3,NA,NA,NA,NA,NA,8,NA
"278",63,73,4,0.00990679891875514,63,0.013517507,"High Temp",60,"night",3,NA,NA,NA,NA,NA,8,NA
"279",64,74,4,0.00561409032235496,64,0.010431403,"High Temp",60,"night",3,NA,NA,NA,NA,NA,8,NA
"280",65,75,4,0.0154840193833365,65,-0.002092522,"High Temp",60,"night",3,NA,NA,NA,NA,NA,8,NA
"281",66,76,4,0.00819941590537805,66,0.012649089,"High Temp",60,"night",3,NA,NA,NA,NA,NA,8,NA
"282",67,77,4,0.007504660646468,67,0.012864209,"High Temp",60,"night",3,NA,NA,NA,NA,NA,8,NA
"283",68,78,4,0.00903196188588293,68,0.012854242,"High Temp",60,"night",3,NA,NA,NA,NA,NA,8,NA
"284",69,79,4,0.0096875675434638,69,0.011176554,"High Temp",60,"night",3,NA,NA,NA,NA,NA,8,NA
"285",70,80,4,0.00891511168558745,70,0.010000651,"High Temp",60,"night",3,NA,NA,NA,NA,NA,8,NA
"286",71,81,4,0.00621668807194682,71,0.009335632,"High Temp",60,"night",3,NA,NA,NA,NA,NA,8,NA
"287",72,82,4,0.00636503242030045,72,0.011506572,"High Temp",60,"night",3,NA,NA,NA,NA,NA,8,NA
"288",1,11,5,0.0231486531058194,1,0.021645828,"High NTU",50,"day",1,NA,NA,NA,NA,NA,8,NA
"289",2,12,5,0.00166806470494026,2,0.042934814,"High NTU",50,"day",1,NA,NA,NA,NA,NA,8,NA
"290",3,13,5,0.000966202115138632,3,0.03130095,"High NTU",50,"day",1,NA,NA,NA,NA,NA,8,NA
"291",4,14,5,-0.000392602958067657,4,0.037166781,"High NTU",50,"day",1,NA,NA,NA,NA,NA,8,NA
"292",5,15,5,-0.00123368147403229,5,0.02126252,"High NTU",50,"day",1,NA,NA,NA,NA,NA,8,NA
"293",6,16,5,0.00433790434192177,6,0.029605355,"High NTU",50,"day",1,NA,NA,NA,NA,NA,8,NA
"294",7,18,5,-0.00105578765043814,8,0.030422778,"High NTU",50,"day",1,NA,NA,NA,NA,NA,8,NA
"295",8,19,5,0.0111989307545724,9,0.040025789,"High NTU",50,"day",1,NA,NA,NA,NA,NA,8,NA
"296",9,20,5,-0.0122968738279142,10,0.008502595,"High NTU",50,"day",1,NA,NA,NA,NA,NA,8,NA
"297",10,21,5,0.00305769163041476,11,0.032434546,"High NTU",50,"day",1,NA,NA,NA,NA,NA,8,NA
"298",11,22,5,0.000688911857567356,12,0.023832236,"High NTU",50,"day",1,NA,NA,NA,NA,NA,8,NA
"299",12,23,5,0.00515680635976047,13,0.024451338,"High NTU",50,"night",1,NA,NA,NA,NA,NA,8,NA
"300",13,24,5,0.0111718375386492,14,0.022006878,"High NTU",50,"night",1,NA,NA,NA,NA,NA,8,NA
"301",14,25,5,-0.000567168365115174,15,0.008270087,"High NTU",50,"night",1,NA,NA,NA,NA,NA,8,NA
"302",15,26,5,0.0101050670526457,16,0.018834828,"High NTU",50,"night",1,NA,NA,NA,NA,NA,8,NA
"303",16,27,5,-0.00193650755147386,17,0.015723311,"High NTU",50,"night",1,NA,NA,NA,NA,NA,8,NA
"304",17,28,5,0.00690975949652839,18,0.01727233,"High NTU",50,"night",1,NA,NA,NA,NA,NA,8,NA
"305",18,29,5,0.0112383530939101,19,0.02155164,"High NTU",50,"night",1,NA,NA,NA,NA,NA,8,NA
"306",19,30,5,-0.00221649486455888,20,0.009051684,"High NTU",50,"night",1,NA,NA,NA,NA,NA,8,NA
"307",20,31,5,0.00618134264703273,21,0.017585431,"High NTU",50,"night",1,NA,NA,NA,NA,NA,8,NA
"308",21,32,5,0.00618332594737404,22,0.022911292,"High NTU",50,"night",1,NA,NA,NA,NA,NA,8,NA
"309",22,33,5,0.00561229908296322,23,0.01145202,"High NTU",50,"night",1,NA,NA,NA,NA,NA,8,NA
"310",23,34,5,0.00505221015258545,24,0.016964951,"High NTU",50,"night",1,NA,NA,NA,NA,NA,8,NA
"311",24,35,5,-0.000891542393676817,25,0.018722467,"High NTU",50,"day",2,NA,NA,NA,NA,NA,8,NA
"312",25,36,5,0.00638980000985813,26,0.022617298,"High NTU",50,"day",2,NA,NA,NA,NA,NA,8,NA
"313",26,38,5,-0.00307510248389638,28,0.017657026,"High NTU",50,"day",2,NA,NA,NA,NA,NA,8,NA
"314",27,39,5,0.00573083881834195,29,0.019133567,"High NTU",50,"day",2,NA,NA,NA,NA,NA,8,NA
"315",28,40,5,-0.00899694795845668,30,0.021991123,"High NTU",50,"day",2,NA,NA,NA,NA,NA,8,NA
"316",29,41,5,0.00482867030300058,31,0.021161787,"High NTU",50,"day",2,NA,NA,NA,NA,NA,8,NA
"317",30,42,5,0.0106633500144442,32,0.022478341,"High NTU",50,"day",2,NA,NA,NA,NA,NA,8,NA
"318",31,43,5,-0.00363186146425254,33,0.009120065,"High NTU",50,"day",2,NA,NA,NA,NA,NA,8,NA
"319",32,44,5,0.00279997766561466,34,0.021350077,"High NTU",50,"day",2,NA,NA,NA,NA,NA,8,NA
"320",33,45,5,0.0144727637508417,35,0.022909826,"High NTU",50,"day",2,NA,NA,NA,NA,NA,8,NA
"321",34,46,5,-0.00265289418460949,36,0.004208327,"High NTU",50,"day",2,NA,NA,NA,NA,NA,8,NA
"322",35,47,5,0.00311039076361324,37,0.021028742,"High NTU",50,"night",2,NA,NA,NA,NA,NA,8,NA
"323",36,48,5,0.00925526128807118,38,0.020064039,"High NTU",50,"night",2,NA,NA,NA,NA,NA,8,NA
"324",37,49,5,0.00521181320084123,39,0.003853336,"High NTU",50,"night",2,NA,NA,NA,NA,NA,8,NA
"325",38,50,5,0.00670355074248484,40,0.01101278,"High NTU",50,"night",2,NA,NA,NA,NA,NA,8,NA
"326",39,51,5,0.0124901037819584,41,0.019789865,"High NTU",50,"night",2,NA,NA,NA,NA,NA,8,NA
"327",40,52,5,0.00222746019438469,42,0.000866407,"High NTU",50,"night",2,NA,NA,NA,NA,NA,8,NA
"328",41,53,5,0.00603365745792576,43,0.010606879,"High NTU",50,"night",2,NA,NA,NA,NA,NA,8,NA
"329",42,54,5,0.0153572961469168,44,0.019226151,"High NTU",50,"night",2,NA,NA,NA,NA,NA,8,NA
"330",43,55,5,-0.000994347122751577,45,-0.000133307,"High NTU",50,"night",2,NA,NA,NA,NA,NA,8,NA
"331",44,56,5,0.00552570811459722,46,0.010332266,"High NTU",50,"night",2,NA,NA,NA,NA,NA,8,NA
"332",45,57,5,0.0157222886082457,47,0.018214072,"High NTU",50,"night",2,NA,NA,NA,NA,NA,8,NA
"333",46,58,5,-0.00214710111417944,48,-0.000879373,"High NTU",50,"night",2,NA,NA,NA,NA,NA,8,NA
"334",47,59,5,0.00714611129412174,49,0.00970103,"High NTU",50,"day",3,NA,NA,NA,NA,NA,8,NA
"335",48,60,5,0.014113131784696,50,0.023670008,"High NTU",50,"day",3,NA,NA,NA,NA,NA,8,NA
"336",49,61,5,-0.00286351142141539,51,0.009885137,"High NTU",50,"day",3,NA,NA,NA,NA,NA,8,NA
"337",50,62,5,0.00421831414156764,52,0.019628124,"High NTU",50,"day",3,NA,NA,NA,NA,NA,8,NA
"338",51,63,5,0.00543070500093081,53,0.02336284,"High NTU",50,"day",3,NA,NA,NA,NA,NA,8,NA
"339",52,64,5,-0.00312713229824347,54,0.020070197,"High NTU",50,"day",3,NA,NA,NA,NA,NA,8,NA
"340",53,65,5,-0.000979147730045585,55,0.013403261,"High NTU",50,"day",3,NA,NA,NA,NA,NA,8,NA
"341",54,66,5,0.00737944682434712,56,0.018975977,"High NTU",50,"day",3,NA,NA,NA,NA,NA,8,NA
"342",55,67,5,0.00981558232456693,57,0.03390697,"High NTU",50,"day",3,NA,NA,NA,NA,NA,8,NA
"343",56,68,5,0.00440844373611975,58,0.013189754,"High NTU",50,"day",3,NA,NA,NA,NA,NA,8,NA
"344",57,69,5,0.00802083607856488,59,0.018558054,"High NTU",50,"day",3,NA,NA,NA,NA,NA,8,NA
"345",58,71,5,-0.00154490900243515,61,0.008876429,"High NTU",50,"night",3,NA,NA,NA,NA,NA,8,NA
"346",59,72,5,0.00706210536476385,62,0.007076381,"High NTU",50,"night",3,NA,NA,NA,NA,NA,8,NA
"347",60,73,5,-0.000175814948118449,63,0.015958822,"High NTU",50,"night",3,NA,NA,NA,NA,NA,8,NA
"348",61,74,5,0.0046753343094549,64,0.008159957,"High NTU",50,"night",3,NA,NA,NA,NA,NA,8,NA
"349",62,75,5,0.00762884864710633,65,0.012024111,"High NTU",50,"night",3,NA,NA,NA,NA,NA,8,NA
"350",63,76,5,0.0012645364080124,66,0.01833483,"High NTU",50,"night",3,NA,NA,NA,NA,NA,8,NA
"351",64,77,5,0.00456690749844883,67,0.008275971,"High NTU",50,"night",3,NA,NA,NA,NA,NA,8,NA
"352",65,78,5,0.00660446338129642,68,0.011435809,"High NTU",50,"night",3,NA,NA,NA,NA,NA,8,NA
"353",66,79,5,0.0100418579800668,69,0.019855256,"High NTU",50,"night",3,NA,NA,NA,NA,NA,8,NA
"354",67,80,5,0.00370590927741769,70,0.002276041,"High NTU",50,"night",3,NA,NA,NA,NA,NA,8,NA
"355",68,81,5,0.00491933070103811,71,0.010796114,"High NTU",50,"night",3,NA,NA,NA,NA,NA,8,NA
"356",69,82,5,0.0166470385797774,72,0.017612826,"High NTU",50,"night",3,NA,NA,NA,NA,NA,8,NA
"357",1,11,6,0.00581810599496112,1,-0.000424026,"Control",50,"day",1,NA,NA,NA,NA,NA,8,NA
"358",2,12,6,0.00340795004300715,2,0.036436446,"Control",50,"day",1,NA,NA,NA,NA,NA,8,NA
"359",3,16,6,0.00691453047913108,6,0.042355569,"Control",50,"day",1,NA,NA,NA,NA,NA,8,NA
"360",4,17,6,-0.0106834160852973,7,0.035401111,"Control",50,"day",1,NA,NA,NA,NA,NA,8,NA
"361",5,18,6,-0.00224623978791172,8,0.038395846,"Control",50,"day",1,NA,NA,NA,NA,NA,8,NA
"362",6,19,6,0.00607700312173398,9,0.044088369,"Control",50,"day",1,NA,NA,NA,NA,NA,8,NA
"363",7,20,6,-0.00571797337684388,10,0.018688222,"Control",50,"day",1,NA,NA,NA,NA,NA,8,NA
"364",8,21,6,0.0028451606151721,11,0.028628346,"Control",50,"day",1,NA,NA,NA,NA,NA,8,NA
"365",9,22,6,-0.0049038258552848,12,0.026422629,"Control",50,"day",1,NA,NA,NA,NA,NA,8,NA
"366",10,23,6,-0.00216467270975117,13,0.024542946,"Control",50,"night",1,NA,NA,NA,NA,NA,8,NA
"367",11,24,6,0.00892900260586232,14,0.023091708,"Control",50,"night",1,NA,NA,NA,NA,NA,8,NA
"368",12,25,6,-0.00103175771601521,15,0.009909104,"Control",50,"night",1,NA,NA,NA,NA,NA,8,NA
"369",13,26,6,0.00930036522709602,16,0.021988095,"Control",50,"night",1,NA,NA,NA,NA,NA,8,NA
"370",14,27,6,-0.00362949052895749,17,0.017338675,"Control",50,"night",1,NA,NA,NA,NA,NA,8,NA
"371",15,28,6,0.0061218911404467,18,0.019980079,"Control",50,"night",1,NA,NA,NA,NA,NA,8,NA
"372",16,29,6,0.00990186592597063,19,0.023811025,"Control",50,"night",1,NA,NA,NA,NA,NA,8,NA
"373",17,30,6,-0.00261547385904825,20,0.010052823,"Control",50,"night",1,NA,NA,NA,NA,NA,8,NA
"374",18,31,6,0.00440740938065353,21,0.019226677,"Control",50,"night",1,NA,NA,NA,NA,NA,8,NA
"375",19,32,6,0.00490778167506814,22,0.023940599,"Control",50,"night",1,NA,NA,NA,NA,NA,8,NA
"376",20,33,6,0.00417379150095305,23,0.014914343,"Control",50,"night",1,NA,NA,NA,NA,NA,8,NA
"377",21,34,6,0.00423050406020335,24,0.018860032,"Control",50,"night",1,NA,NA,NA,NA,NA,8,NA
"378",22,35,6,0.000125326210622981,25,0.019918589,"Control",50,"day",2,NA,NA,NA,NA,NA,8,NA
"379",23,36,6,0.00347882993747975,26,0.033373198,"Control",50,"day",2,NA,NA,NA,NA,NA,8,NA
"380",24,37,6,0.000696927741002585,27,0.028206281,"Control",50,"day",2,NA,NA,NA,NA,NA,8,NA
"381",25,41,6,9.6510995926409e-05,31,0.027079588,"Control",50,"day",2,NA,NA,NA,NA,NA,8,NA
"382",26,42,6,0.00574013161580611,32,0.027653171,"Control",50,"day",2,NA,NA,NA,NA,NA,8,NA
"383",27,44,6,-0.000357026107009139,34,0.025165249,"Control",50,"day",2,NA,NA,NA,NA,NA,8,NA
"384",28,45,6,0.0112030059727543,35,0.027677191,"Control",50,"day",2,NA,NA,NA,NA,NA,8,NA
"385",29,47,6,-0.00192800296799185,37,0.025638769,"Control",50,"night",2,NA,NA,NA,NA,NA,8,NA
"386",30,48,6,0.00841299103902574,38,0.024795821,"Control",50,"night",2,NA,NA,NA,NA,NA,8,NA
"387",31,49,6,0.00286354609248833,39,0.012148994,"Control",50,"night",2,NA,NA,NA,NA,NA,8,NA
"388",32,50,6,0.00459113734445254,40,0.018288411,"Control",50,"night",2,NA,NA,NA,NA,NA,8,NA
"389",33,51,6,0.0109485380873916,41,0.027658684,"Control",50,"night",2,NA,NA,NA,NA,NA,8,NA
"390",34,52,6,0.000415441339920688,42,0.009400975,"Control",50,"night",2,NA,NA,NA,NA,NA,8,NA
"391",35,53,6,0.00394147984091323,43,0.017690795,"Control",50,"night",2,NA,NA,NA,NA,NA,8,NA
"392",36,55,6,-0.00338398736670103,45,0.007673944,"Control",50,"night",2,NA,NA,NA,NA,NA,8,NA
"393",37,56,6,0.00377803949489508,46,0.017902023,"Control",50,"night",2,NA,NA,NA,NA,NA,8,NA
"394",38,57,6,0.0136803897926972,47,0.025249104,"Control",50,"night",2,NA,NA,NA,NA,NA,8,NA
"395",39,58,6,-0.00345637477821856,48,0.008371118,"Control",50,"night",2,NA,NA,NA,NA,NA,8,NA
"396",40,59,6,0.00472015286347766,49,0.017386355,"Control",50,"day",3,NA,NA,NA,NA,NA,8,NA
"397",41,60,6,0.0132033346949546,50,0.031257353,"Control",50,"day",3,NA,NA,NA,NA,NA,8,NA
"398",42,61,6,-0.00900810061250674,51,0.021802489,"Control",50,"day",3,NA,NA,NA,NA,NA,8,NA
"399",43,62,6,-0.00120066835507104,52,0.031846167,"Control",50,"day",3,NA,NA,NA,NA,NA,8,NA
"400",44,63,6,0.000287630464556765,53,0.036393126,"Control",50,"day",3,NA,NA,NA,NA,NA,8,NA
"401",45,66,6,0.00133418432049614,56,0.028418631,"Control",50,"day",3,NA,NA,NA,NA,NA,8,NA
"402",46,67,6,0.00350232754626689,57,0.041129258,"Control",50,"day",3,NA,NA,NA,NA,NA,8,NA
"403",47,68,6,-9.52311532794216e-05,58,0.021428023,"Control",50,"day",3,NA,NA,NA,NA,NA,8,NA
"404",48,69,6,0.00391223039567312,59,0.026391067,"Control",50,"day",3,NA,NA,NA,NA,NA,8,NA
"405",49,71,6,-0.00615602146480521,61,0.01652889,"Control",50,"night",3,NA,NA,NA,NA,NA,8,NA
"406",50,72,6,0.00504963420792193,62,0.006755212,"Control",50,"night",3,NA,NA,NA,NA,NA,8,NA
"407",51,73,6,-0.000622271906329404,63,0.018479279,"Control",50,"night",3,NA,NA,NA,NA,NA,8,NA
"408",52,74,6,0.0035620514285195,64,0.008437966,"Control",50,"night",3,NA,NA,NA,NA,NA,8,NA
"409",53,75,6,0.00776861201687967,65,0.014412863,"Control",50,"night",3,NA,NA,NA,NA,NA,8,NA
"410",54,76,6,0.000124093730108427,66,0.019744956,"Control",50,"night",3,NA,NA,NA,NA,NA,8,NA
"411",55,77,6,0.00270204359991322,67,0.007048404,"Control",50,"night",3,NA,NA,NA,NA,NA,8,NA
"412",56,78,6,0.00582464290119901,68,0.012619714,"Control",50,"night",3,NA,NA,NA,NA,NA,8,NA
"413",57,79,6,0.00949731363293858,69,0.022720642,"Control",50,"night",3,NA,NA,NA,NA,NA,8,NA
"414",58,80,6,0.00340823498131901,70,0.004746777,"Control",50,"night",3,NA,NA,NA,NA,NA,8,NA
"415",59,81,6,0.00446668150870644,71,0.012080516,"Control",50,"night",3,NA,NA,NA,NA,NA,8,NA
"416",60,82,6,0.0155589006301201,72,0.019813972,"Control",50,"night",3,NA,NA,NA,NA,NA,8,NA
"417",1,11,7,0.0103845119642677,1,0.005213139,"High NTU",60,"day",1,NA,NA,NA,NA,NA,8,7
"418",2,12,7,0.00453700485098489,2,0.036760422,"High NTU",60,"day",1,NA,NA,NA,NA,NA,8,7
"419",3,13,7,0.00333209900470189,3,0.026932139,"High NTU",60,"day",1,NA,NA,NA,NA,NA,8,7
"420",4,15,7,0.0032012113303908,5,0.015973149,"High NTU",60,"day",1,NA,NA,NA,NA,NA,8,7
"421",5,16,7,0.00876975512299719,6,0.028295278,"High NTU",60,"day",1,NA,NA,NA,NA,NA,8,7
"422",6,17,7,-0.00372401997306066,7,0.021683976,"High NTU",60,"day",1,NA,NA,NA,NA,NA,8,7
"423",7,18,7,0.000447450031965643,8,0.022862851,"High NTU",60,"day",1,NA,NA,NA,NA,NA,8,7
"424",8,20,7,-0.001789850178351,10,0.020469022,"High NTU",60,"day",1,NA,NA,NA,NA,NA,8,7
"425",9,21,7,0.00289281774234582,11,0.029318226,"High NTU",60,"day",1,NA,NA,NA,NA,NA,8,7
"426",10,22,7,-0.00272997459107416,12,0.029416692,"High NTU",60,"day",1,NA,NA,NA,NA,NA,8,7
"427",11,23,7,-0.00020267918206517,13,0.029115584,"High NTU",60,"night",1,NA,NA,NA,NA,NA,8,7
"428",12,24,7,0.010393320250705,14,0.02276836,"High NTU",60,"night",1,NA,NA,NA,NA,NA,8,7
"429",13,25,7,0.00164019279730819,15,0.011440219,"High NTU",60,"night",1,NA,NA,NA,NA,NA,8,7
"430",14,26,7,0.00809413632464289,16,0.011255813,"High NTU",60,"night",1,NA,NA,NA,NA,NA,8,7
"431",15,27,7,0.000679464698770261,17,0.012124436,"High NTU",60,"night",1,NA,NA,NA,NA,NA,8,7
"432",16,28,7,0.00488012467853844,18,0.009721965,"High NTU",60,"night",1,NA,NA,NA,NA,NA,8,7
"433",17,29,7,0.0116341341120742,19,0.01749957,"High NTU",60,"night",1,NA,NA,NA,NA,NA,8,7
"434",18,30,7,-0.00208715414079163,20,0.001723807,"High NTU",60,"night",1,NA,NA,NA,NA,NA,8,7
"435",19,31,7,0.00468751144647789,21,0.00820086,"High NTU",60,"night",1,NA,NA,NA,NA,NA,8,7
"436",20,32,7,0.00771430688127134,22,0.016516898,"High NTU",60,"night",1,NA,NA,NA,NA,NA,8,7
"437",21,33,7,0.00419951537460703,23,0.003970836,"High NTU",60,"night",1,NA,NA,NA,NA,NA,8,7
"438",22,34,7,0.00579435208281155,24,0.008543409,"High NTU",60,"night",1,NA,NA,NA,NA,NA,8,7
"439",23,35,7,0.00109472350591884,25,0.010083805,"High NTU",60,"day",2,NA,NA,NA,NA,NA,8,7
"440",24,36,7,0.00477145613337524,26,0.031654097,"High NTU",60,"day",2,NA,NA,NA,NA,NA,8,7
"441",25,37,7,0.00278373765375412,27,0.024333325,"High NTU",60,"day",2,NA,NA,NA,NA,NA,8,7
"442",26,38,7,-0.0120777890870296,28,0.020907481,"High NTU",60,"day",2,NA,NA,NA,NA,NA,8,7
"443",27,39,7,0.00171033084037554,29,0.027578343,"High NTU",60,"day",2,NA,NA,NA,NA,NA,8,7
"444",28,41,7,0.00144314982627103,31,0.025534833,"High NTU",60,"day",2,NA,NA,NA,NA,NA,8,7
"445",29,42,7,0.00938069020181419,32,0.029047721,"High NTU",60,"day",2,NA,NA,NA,NA,NA,8,7
"446",30,44,7,-5.05319439393474e-05,34,0.02684619,"High NTU",60,"day",2,NA,NA,NA,NA,NA,8,7
"447",31,45,7,0.013119026877275,35,0.032262411,"High NTU",60,"day",2,NA,NA,NA,NA,NA,8,7
"448",32,47,7,-0.00243810273113965,37,0.029963503,"High NTU",60,"night",2,NA,NA,NA,NA,NA,8,7
"449",33,48,7,0.00799318534045526,38,0.022738068,"High NTU",60,"night",2,NA,NA,NA,NA,NA,8,7
"450",34,49,7,0.00629954598985409,39,0.009145794,"High NTU",60,"night",2,NA,NA,NA,NA,NA,8,7
"451",35,50,7,0.00689729406071821,40,0.014312917,"High NTU",60,"night",2,NA,NA,NA,NA,NA,8,7
"452",36,51,7,0.0116048866024781,41,0.02382673,"High NTU",60,"night",2,NA,NA,NA,NA,NA,8,7
"453",37,52,7,0.00190664668689061,42,0.006502369,"High NTU",60,"night",2,NA,NA,NA,NA,NA,8,7
"454",38,53,7,0.00657332838876006,43,0.013861482,"High NTU",60,"night",2,NA,NA,NA,NA,NA,8,7
"455",39,54,7,0.0139943255995823,44,0.022736751,"High NTU",60,"night",2,NA,NA,NA,NA,NA,8,7
"456",40,55,7,-0.000147961330894793,45,0.004178486,"High NTU",60,"night",2,NA,NA,NA,NA,NA,8,7
"457",41,56,7,0.00583361083111701,46,0.013158571,"High NTU",60,"night",2,NA,NA,NA,NA,NA,8,7
"458",42,57,7,0.0138978252216342,47,0.019599588,"High NTU",60,"night",2,NA,NA,NA,NA,NA,8,7
"459",43,58,7,-0.000362568329529708,48,0.003225316,"High NTU",60,"night",2,NA,NA,NA,NA,NA,8,7
"460",44,59,7,0.00829869419949908,49,0.011819649,"High NTU",60,"day",3,NA,NA,NA,NA,NA,8,7
"461",45,60,7,0.0119984440168096,50,0.023375321,"High NTU",60,"day",3,NA,NA,NA,NA,NA,8,7
"462",46,61,7,-0.00599192209245381,51,0.01450044,"High NTU",60,"day",3,NA,NA,NA,NA,NA,8,7
"463",47,62,7,0.000783255796762777,52,0.021358868,"High NTU",60,"day",3,NA,NA,NA,NA,NA,8,7
"464",48,63,7,0.000558961340437409,53,0.023728964,"High NTU",60,"day",3,NA,NA,NA,NA,NA,8,7
"465",49,64,7,-0.00675599851498223,54,0.027252657,"High NTU",60,"day",3,NA,NA,NA,NA,NA,8,7
"466",50,65,7,-0.00605806172422747,55,0.015891258,"High NTU",60,"day",3,NA,NA,NA,NA,NA,8,7
"467",51,66,7,0.00144240434861376,56,0.018959135,"High NTU",60,"day",3,NA,NA,NA,NA,NA,8,7
"468",52,68,7,0.00172612509585421,58,0.019007489,"High NTU",60,"day",3,NA,NA,NA,NA,NA,8,7
"469",53,69,7,0.00280606158336466,59,0.023328075,"High NTU",60,"day",3,NA,NA,NA,NA,NA,8,7
"470",54,71,7,-0.00423214047991401,61,0.017738887,"High NTU",60,"night",3,NA,NA,NA,NA,NA,8,7
"471",55,72,7,0.004789834235648,62,0.006637948,"High NTU",60,"night",3,NA,NA,NA,NA,NA,8,7
"472",56,73,7,0.00203842529083867,63,0.018630145,"High NTU",60,"night",3,NA,NA,NA,NA,NA,8,7
"473",57,74,7,0.00593691772737874,64,0.010900973,"High NTU",60,"night",3,NA,NA,NA,NA,NA,8,7
"474",58,75,7,0.00661519985765398,65,0.011247167,"High NTU",60,"night",3,NA,NA,NA,NA,NA,8,7
"475",59,76,7,0.00224049748502537,66,0.020091842,"High NTU",60,"night",3,NA,NA,NA,NA,NA,8,7
"476",60,77,7,0.006489403408759,67,0.010577681,"High NTU",60,"night",3,NA,NA,NA,NA,NA,8,7
"477",61,78,7,0.00671416241793647,68,0.010383094,"High NTU",60,"night",3,NA,NA,NA,NA,NA,8,7
"478",62,79,7,0.0107565973709613,69,0.019506868,"High NTU",60,"night",3,NA,NA,NA,NA,NA,8,7
"479",63,80,7,0.00695127194597334,70,0.00493278,"High NTU",60,"night",3,NA,NA,NA,NA,NA,8,7
"480",64,81,7,0.00700145392328238,71,0.010115111,"High NTU",60,"night",3,NA,NA,NA,NA,NA,8,7
"481",65,82,7,0.015587409186931,72,0.015489505,"High NTU",60,"night",3,NA,NA,NA,NA,NA,8,7
"482",1,11,8,0.0105438736168772,1,-0.00121734,"Control",60,"day",1,NA,NA,NA,NA,NA,8,8
"483",2,12,8,0.00460494267562739,2,0.049475358,"Control",60,"day",1,NA,NA,NA,NA,NA,8,8
"484",3,13,8,0.00204869577552907,3,0.036867104,"Control",60,"day",1,NA,NA,NA,NA,NA,8,8
"485",4,15,8,0.00283241305247958,5,0.026783589,"Control",60,"day",1,NA,NA,NA,NA,NA,8,8
"486",5,16,8,0.00872007680809274,6,0.042109407,"Control",60,"day",1,NA,NA,NA,NA,NA,8,8
"487",6,18,8,-0.00429049553476522,8,0.038847288,"Control",60,"day",1,NA,NA,NA,NA,NA,8,8
"488",7,20,8,-0.00638298575065618,10,0.025947984,"Control",60,"day",1,NA,NA,NA,NA,NA,8,8
"489",8,21,8,0.00179173799343818,11,0.038852961,"Control",60,"day",1,NA,NA,NA,NA,NA,8,8
"490",9,22,8,-0.000541452970505629,12,0.037899957,"Control",60,"day",1,NA,NA,NA,NA,NA,8,8
"491",10,23,8,-0.00153424821278534,13,0.03601075,"Control",60,"night",1,NA,NA,NA,NA,NA,8,8
"492",11,24,8,0.0148744769655259,14,0.023983329,"Control",60,"night",1,NA,NA,NA,NA,NA,8,8
"493",12,25,8,0.00492906078746865,15,0.010204855,"Control",60,"night",1,NA,NA,NA,NA,NA,8,8
"494",13,26,8,0.0109112265517085,16,0.020211409,"Control",60,"night",1,NA,NA,NA,NA,NA,8,8
"495",14,27,8,0.00470451787724311,17,0.022471587,"Control",60,"night",1,NA,NA,NA,NA,NA,8,8
"496",15,28,8,0.00735705223699464,18,0.01743259,"Control",60,"night",1,NA,NA,NA,NA,NA,8,8
"497",16,29,8,0.0163561538788079,19,0.025233362,"Control",60,"night",1,NA,NA,NA,NA,NA,8,8
"498",17,30,8,0.000519055516085041,20,0.009664229,"Control",60,"night",1,NA,NA,NA,NA,NA,8,8
"499",18,31,8,0.00690196145215158,21,0.017321106,"Control",60,"night",1,NA,NA,NA,NA,NA,8,8
"500",19,32,8,0.0117551728871556,22,0.024940991,"Control",60,"night",1,NA,NA,NA,NA,NA,8,8
"501",20,33,8,0.00754624797077719,23,0.010875619,"Control",60,"night",1,NA,NA,NA,NA,NA,8,8
"502",21,34,8,0.00804537016321059,24,0.018206567,"Control",60,"night",1,NA,NA,NA,NA,NA,8,8
"503",22,35,8,0.00364894820440552,25,0.022136341,"Control",60,"day",2,NA,NA,NA,NA,NA,8,8
"504",23,36,8,0.00890360077984207,26,0.043250237,"Control",60,"day",2,NA,NA,NA,NA,NA,8,8
"505",24,37,8,0.00295721973212685,27,0.038990334,"Control",60,"day",2,NA,NA,NA,NA,NA,8,8
"506",25,39,8,0.00131733781160834,29,0.039335374,"Control",60,"day",2,NA,NA,NA,NA,NA,8,8
"507",26,41,8,0.000517746772164372,31,0.035487124,"Control",60,"day",2,NA,NA,NA,NA,NA,8,8
"508",27,42,8,0.0100981983694073,32,0.036986268,"Control",60,"day",2,NA,NA,NA,NA,NA,8,8
"509",28,44,8,-0.00342464982562448,34,0.037205846,"Control",60,"day",2,NA,NA,NA,NA,NA,8,8
"510",29,45,8,0.0168315247029579,35,0.040290701,"Control",60,"day",2,NA,NA,NA,NA,NA,8,8
"511",30,47,8,-0.00238795133671954,37,0.036887703,"Control",60,"night",2,NA,NA,NA,NA,NA,8,8
"512",31,48,8,0.0128769058938038,38,0.025708902,"Control",60,"night",2,NA,NA,NA,NA,NA,8,8
"513",32,49,8,0.010241686535377,39,0.010129051,"Control",60,"night",2,NA,NA,NA,NA,NA,8,8
"514",33,50,8,0.00927123927054791,40,0.016891693,"Control",60,"night",2,NA,NA,NA,NA,NA,8,8
"515",34,51,8,0.0174362806031237,41,0.028884316,"Control",60,"night",2,NA,NA,NA,NA,NA,8,8
"516",35,52,8,0.00713612954427806,42,0.00681625,"Control",60,"night",2,NA,NA,NA,NA,NA,8,8
"517",36,53,8,0.00923341679198515,43,0.013898029,"Control",60,"night",2,NA,NA,NA,NA,NA,8,8
"518",37,54,8,0.0202178245199965,44,0.026254136,"Control",60,"night",2,NA,NA,NA,NA,NA,8,8
"519",38,55,8,0.00207399691971914,45,0.004588966,"Control",60,"night",2,NA,NA,NA,NA,NA,8,8
"520",39,56,8,0.00900152633636868,46,0.015175857,"Control",60,"night",2,NA,NA,NA,NA,NA,8,8
"521",40,57,8,0.0204384371337049,47,0.024906396,"Control",60,"night",2,NA,NA,NA,NA,NA,8,8
"522",41,58,8,0.00181046618408217,48,0.004410276,"Control",60,"night",2,NA,NA,NA,NA,NA,8,8
"523",42,59,8,0.0117252640660017,49,0.015187758,"Control",60,"day",3,NA,NA,NA,NA,NA,8,8
"524",43,60,8,0.0181230863591613,50,0.036599138,"Control",60,"day",3,NA,NA,NA,NA,NA,8,8
"525",44,61,8,-0.00769526471705892,51,0.040839609,"Control",60,"day",3,NA,NA,NA,NA,NA,8,8
"526",45,62,8,0.00101899047138774,52,0.036379471,"Control",60,"day",3,NA,NA,NA,NA,NA,8,8
"527",46,63,8,0.00145310008680512,53,0.040589792,"Control",60,"day",3,NA,NA,NA,NA,NA,8,8
"528",47,65,8,-0.00453444641905329,55,0.029498132,"Control",60,"day",3,NA,NA,NA,NA,NA,8,8
"529",48,66,8,0.00232153959513966,56,0.036470143,"Control",60,"day",3,NA,NA,NA,NA,NA,8,8
"530",49,68,8,0.00344657275337091,58,0.035107497,"Control",60,"day",3,NA,NA,NA,NA,NA,8,8
"531",50,69,8,0.00232512952886715,59,0.035609221,"Control",60,"day",3,NA,NA,NA,NA,NA,8,8
"532",51,70,8,0.0209836989964112,60,0.063893118,"Control",60,"day",3,NA,NA,NA,NA,NA,8,8
"533",52,71,8,-0.00434302282183869,61,0.0289625,"Control",60,"night",3,NA,NA,NA,NA,NA,8,8
"534",53,72,8,0.00602977429215319,62,0.011225257,"Control",60,"night",3,NA,NA,NA,NA,NA,8,8
"535",54,73,8,0.00498375114414022,63,0.029390378,"Control",60,"night",3,NA,NA,NA,NA,NA,8,8
"536",55,74,8,0.0099764881189769,64,0.017421312,"Control",60,"night",3,NA,NA,NA,NA,NA,8,8
"537",56,75,8,0.00925983566345827,65,0.018179767,"Control",60,"night",3,NA,NA,NA,NA,NA,8,8
"538",57,76,8,0.00565831956038214,66,0.030959566,"Control",60,"night",3,NA,NA,NA,NA,NA,8,8
"539",58,77,8,0.00954649009898508,67,0.017409399,"Control",60,"night",3,NA,NA,NA,NA,NA,8,8
"540",59,78,8,0.00963435099536734,68,0.016921235,"Control",60,"night",3,NA,NA,NA,NA,NA,8,8
"541",60,79,8,0.0161998824843189,69,0.029463321,"Control",60,"night",3,NA,NA,NA,NA,NA,8,8
"542",61,80,8,0.010799695716767,70,0.011046409,"Control",60,"night",3,NA,NA,NA,NA,NA,8,8
"543",62,81,8,0.0100473847944456,71,0.016476455,"Control",60,"night",3,NA,NA,NA,NA,NA,8,8
"544",63,82,8,0.0215151769467674,72,0.024474106,"Control",60,"night",3,NA,NA,NA,NA,NA,8,8
